Workbook
Name abmax: 'Data and Kn'!$K$96
Name abo: 'Data and Kn'!$C$33
Name ae_1: Burnrate!$E$52
Name aexit: Performance!$C$8
Name alpha: 'Nozzle Design'!$Y$9
Name am_0: Burnrate!$J$28
Name am_1: Burnrate!$J$52
Name am_3: Burnrate!$J$58
Name am_4: Burnrate!$J$64
Name an_0: Burnrate!$K$28
Name an_4: Burnrate!$K$64
Name astarf: Pressure!$I$862
Name at: 'Data and Kn'!$C$36
Name atfinal: Performance!$E$862
Name beta: 'Nozzle Design'!$Y$10
Name chpressures: 'Data and Kn'!$AA$17:$AA$36
Name ci: 'Data and Kn'!$Y$20
Name cstar: Pressure!$C$17
Name dc: 'Data and Kn'!$C$10
Name dcplot: 'Nozzle Design'!$C$9
Name deltap: Pressure!$AA$909
Name deltat: Pressure!$D$864
Name deltax: 'Data and Kn'!$C$96
Name dio: 'Data and Kn'!$C$17
Name do: 'Data and Kn'!$C$16
Name dto: 'Data and Kn'!$C$37
Name ei: 'Data and Kn'!$Y$21
Name erate: 'Data and Kn'!$C$39
Name etac: Pressure!$C$13
Name etanoz: Performance!$C$4
Name exprat: Performance!$C$5
Name expratfinal: Performance!$F$862
Name fmax: Performance!$C$16
Name fueltype: 'Data and Kn'!$X$31
Name gstar: Pressure!$C$18
Name itot: Performance!$C$17
Name itsum: Performance!$L$911
Name k: Pressure!$C$12
Name k2ph: Performance!$C$3
Name kn: 'Data and Kn'!$C$35
Name kndxbn_: Burnrate!$G$8:$K$12
Name knotherbn_: Burnrate!$G$52:$K$56
Name knrange: 'Data and Kn'!$M$45:$M$95
Name knsbcobn_: Burnrate!$G$28:$K$28
Name knselecttab: 'Data and Kn'!$AN$32:$AO$39
Name knsobn_: Burnrate!$G$19:$K$23
Name knsubn_: Burnrate!$G$33:$K$33
Name ks_dx: 'Propellant data'!$F$10
Name ks_er: 'Propellant data'!$I$10
Name ks_fr: 'Propellant data'!$K$10
Name ks_mn: 'Propellant data'!$J$10
Name ks_ot: 'Propellant data'!$L$10
Name ks_so: 'Propellant data'!$G$10
Name ks_su: 'Propellant data'!$H$10
Name kv: Pressure!$C$19
Name lc: 'Data and Kn'!$C$11
Name lgo: 'Data and Kn'!$C$23
Name lo: 'Data and Kn'!$C$18
Name m: Pressure!$C$10
Name m_dx: 'Propellant data'!$F$11

Sheet Intro
B4: SRM 2023.XLS | D4: Written by: | E4: Richard A.Nakka
B5: Solid Rocket Motor Performance | D5: Version: | E5: 2023 (for free distribution). Supercedes SRM_2014.XLS version 1.1 (2014)
D6: Date: | E6: 45008
B8: Instructions for use: Enter required data in the blue-outlined cells (with blue text)
B9: Note that some data cells have drop-down lists
B10: Then click on the Solve buttons (1-3)
B13: Introduction
B15: Changes incorporated into SRM 2023 version
B17: KNPSB and KNFR have been added to the choice of propellants. All propellant properties have been
B18: tweaked based on revised two-phase flow analysis. The value of "k" is corrected to a single value. The
B19: overall effect of these updated property values is a small reduction in predicted performance (thrust, total
B20: impulse & specific impulse) compared to SRM_2014. Motor performance up to "V" class is now supported.
B23: This spreadsheet was created in order to predict the performance of a Solid Rocket
B24: Motor (SRM). Although there are many factors which make a precise prediction
B25: of actual performance difficult, it was felt that a reasonably close approximation
... B87: website: www.nakka-rocketry.net

Sheet Data and Kn
B4: Basic Data and Kn Calculation
B6: Title: | C6: Example Rocket Motor (L-Class)
C7: utilizing KNDX propellant.
C8: Hint! To directly convert inches to mm, simply type =25.4*number where number is dimension in inches.
B9: Motor chamber:
B10: Dc | C10: 75 | D10: mm | E10: Chamber diameter (inside)
B11: Lc | C11: 470 | D11: mm | E11: Chamber length (inside)
B12: Vc | C12: =PI()/4*dc^2*lc -> 2076396.4 | D12: mm3 | E12: Chamber volume (empty)
B13: Propellant grain:
B14: Propellant type | C14: KNDX | D14: select | E14: See Note [1] below
A16: =IF(do>dc,"Invalid","") | B16: Do | C16: 69 | D16: mm | E16: Outer diameter (initial)
B17: do | C17: 20 | D17: mm | E17: Core diameter (initial) | X17: KNDX | Y17: Exposed | AA17: 9 MPa | AB17: 9 | AD17: Kn versus Pressure for propellants. | AH17: Kn = a + b*P + c*P2 + d*P3 + e*P4 + f*P5 + g*P6
B18: Lo | C18: 115 | D18: mm | E18: Segment length (initial) | X18: KNSB fine | Y18: Inhibited | AA18: 8.5 MPa | AB18: 8.5 | AH18: where units of P is "MPa"
A19: =IF(lo>lc/n,"Invalid","") | B19: N | C19: 4 | E19: Number of segments | X19: KNSB coarse | Y19: =IF(C20="Inhibited",0,1) -> 0 | AA19: 8 MPa | AB19: 8 | AG19: Polynomial coefficients for Least Squares Fit of Kn as fcn of Pressure data
B20: Outer surface: | C20: Inhibited | D20: select | X20: KNSU | Y20: =IF(C21="Inhibited",0,1) -> 1 | AA20: 7.5 MPa | AB20: 7.5 | AE20: Kn init | AF20: order | AG20: a | AH20: b | AI20: c | AJ20: d | AK20: e | AL20: f | AM20: g | AN20: calc Kn | AO20: Range incr
B21: Core surface: | C21: Exposed | D21: select | X21: KNER coarse | Y21: =IF(C22="Inhibited",0,1) -> 1 | AA21: 7 MPa | AB21: 7 | AD21: KNDX | AF21: 3 | AG21: 43.5 | AH21: 0.24168 | AI21: 50.48413 | AJ21: -9.91148 | AN21: =AG21+AH21*$AE$32+AI21*$AE$32^2+AJ21*$AE$32^3+AK21*$AE$32^4+AL21*$AE$32^5+AM21*$AE$32^6 -> -379.42099 | AO21: 150-400 psi
A22: =IF(osi>1,"Error","") | B22: Ends surface: | C22: Exposed | D22: select | X22: KNMN coarse | AA22: 6.5 MPa | AB22: 6.5 | AF22: 2 | AG22: 163.8 | AH22: 22.22414 | AI22: -0.224 | AN22: =AG22+AH22*$AE$32+AI22*$AE$32^2+AJ22*$AE$32^3+AK22*$AE$32^4+AL22*$AE$32^5+AM22*$AE$32^6 -> 293.08606 | AO22: 450-850 psi
A23: =IF(ci>1,"Error","") | B23: Lgo | C23: =n*lo -> 460 | D23: mm | E23: Grain length (initial) | X23: KNPSB | AA23: 6 MPa | AB23: 6 | AF23: 4 | AG23: 5095 | AH23: -2460.426 | AI23: 453.4805 | AJ23: -35.53239 | AK23: 1.01745 | AN23: =AG23+AH23*$AE$32+AI23*$AE$32^2+AJ23*$AE$32^3+AK23*$AE$32^4+AL23*$AE$32^5+AM23*$AE$32^6 -> 307.39787 | AO23: 900-1300 psi
A24: =IF(ei>1,"Error","") | B24: Vg | C24: =PI()/4*(do^2-dio^2)*lgo -> 1575555.8 | D24: mm3 | E24: Grain volume (initial) | X24: KNFR | AA24: 5.5 MPa | AB24: 5.5 | AD24: KNSB fine | AF24: 5 | AG24: 34.5 | AH24: -10.975 | AI24: 69.667 | AJ24: -19.664 | AK24: 2.1478 | AL24: -0.081463 | AN24: =AG24+AH24*$AE$32+AI24*$AE$32^2+AJ24*$AE$32^3+AK24*$AE$32^4+AL24*$AE$32^5+AM24*$AE$32^6 -> 385.49498 | AO24: 0-1300 psi
B25: V l | C25: =vg/vc -> 0.75879338 | E25: Volumetric loading fraction | AA25: 5 MPa | AB25: 5 | AD25: KNSB coarse | AF25: 2 | AG25: 38 | AH25: 92.391 | AI25: -2.0438 | AN25: =AG25+AH25*$AE$32+AI25*$AE$32^2+AJ25*$AE$32^3+AK25*$AE$32^4+AL25*$AE$32^5+AM25*$AE$32^6 -> 532.62923 | AO25: 0-1300 psi
B26: r' grain | C26: =IF(fueltype=1,rhopdex,IF(fueltype=2,rhopsorb,IF(fueltype=3,rhopsorb,IF(fueltype=4,rhopsu,IF(fueltype=5,rhoper,IF(fueltype=6,rhopmn,IF(fueltype=7,rhopot,rhopfr))))))) -> 1.879 | D26: g/cm3 | E26: Grain ideal density | AA26: 4.5 MPa | AB26: 4.5 | AD26: KNSU | AF26: 2 | AG26: 32.9539 | AH26: 44.1079 | AI26: -1.10248 | AN26: =AG26+AH26*$AE$32+AI26*$AE$32^2+AJ26*$AE$32^3+AK26*$AE$32^4+AL26*$AE$32^5+AM26*$AE$32^6 -> 264.21092 | AO26: 0-1300 psi
C27: 0.95 | E27: Density ratio (actual/ideal) | AA27: 4 MPa | AB27: 4 | AD27: KNER coarse | AF27: 5 | AG27: 50.410353 | AH27: 211.19402 | AI27: -47.797596 | AJ27: 8.779018 | AK27: -0.830282 | AL27: 0.030519 | AN27: =AG27+AH27*$AE$32+AI27*$AE$32^2+AJ27*$AE$32^3+AK27*$AE$32^4+AL27*$AE$32^5+AM27*$AE$32^6 -> 667.85812 | AO27: 0-1300 psi
B28: r grain | C28: =rhorat*rhopgraini -> 1.78505 | D28: g/cm3 | E28: Grain actual density | AA28: 3.5 MPa | AB28: 3.5 | AD28: KNMN coarse | AF28: 2 | AG28: 38 | AH28: 92.391 | AI28: -2.0438 | AN28: =AG28+AH28*$AE$32+AI28*$AE$32^2+AJ28*$AE$32^3+AK28*$AE$32^4+AL28*$AE$32^5+AM28*$AE$32^6 -> 532.62923 | AO28: 0-1300 psi
B29: m grain | C29: =rhopgrain*vg/1000/1000 -> 2.812446 | D29: kg. | E29: Grain mass (initial) | AA29: 3 MPa | AB29: 3 | AD29: KNPSB | AF29: 3 | AG29: 54.53 | AH29: 33.652 | AI29: -3.4185 | AJ29: 0.1545 | AN29: =AG29+AH29*$AE$32+AI29*$AE$32^2+AJ29*$AE$32^3+AK29*$AE$32^4+AL29*$AE$32^5+AM29*$AE$32^6 -> 168.63686 | AO29: 0-1300 psi
B30: Abeo | C30: =n*2*ei*PI()/4*(do^2-dio^2) -> 27400.971 | D30: mm2 | E30: End burning area (initial) | AA30: 2.5 MPa | AB30: 2.5 | AD30: KNFR | AF30: 2 | AG30: 39.748 | AH30: 51.618 | AI30: -0.9264 | AN30: =AG30+AH30*$AE$32+AI30*$AE$32^2+AJ30*$AE$32^3+AK30*$AE$32^4+AL30*$AE$32^5+AM30*$AE$32^6 -> 324.38947 | AO30: 0-1300 psi
B31: Abco | C31: =n*ci*PI()*dio*lo -> 28902.652 | D31: mm2 | E31: Core burning area (initial) | X31: =IF(C14="KNDX",1,IF(C14="KNSB fine",2,IF(C14="KNSB coarse",3,IF(C14="KNSU",4,IF(C14="KNER coarse",5,IF(C14="KNMN coarse",6,IF(C14="KNPSB",7,8))))))) -> 1 | AA31: 2 MPa | AB31: 2 | AD31: Ptarget: | AN31: fueltype | AO31: Kn
B32: Abso | C32: =n*osi*PI()*do*lo -> 0 | D32: mm2 | E32: Outer surface burning area (initial) | AA32: 1.5 MPa | AB32: 1.5 | AD32: =C34 -> 900 psi | AE32: =VLOOKUP(AD32,AA17:AB57,2,FALSE) -> 6.2055 | AF32: MPa | AN32: 1 | AO32: =IF(pmselect<3,AN21,IF(pmselect<6,AN22,AN23)) -> 307.39787
B33: Abo | C33: =SUM(C30:C32) -> 56303.624 | D33: mm2 | E33: Total burning area (initial) | K33: =C96 -> 0 | AA33: 1 MPa | AB33: 1 | AN33: 2 | AO33: =AN24 -> 385.49498
B34: Target MEOP: | C34: 900 psi | D34: select | E34: Maximum chamber pressure (target) | AA34: 1300 psi | AB34: =1300*6895/1000000 -> 8.9635 | AN34: 3 | AO34: =AN25 -> 532.62923
B35: Kn max: | C35: =VLOOKUP(fueltype,knselecttab,2,FALSE) -> 307.39787 | E35: Ratio of Burning area / throat area (max) | I35: Kn max | J35: =MAX(knrange) -> 307.39787 | AA35: 1250 psi | AB35: =1250*6895/1000000 -> 8.61875 | AN35: 4 | AO35: =AN26 -> 264.21092
B36: Nozzle: Ato | C36: =abmax/kn -> 221.47276 | D36: mm2 | E36: Throat cross-section area (initial) | I36: Kn min | J36: =MIN(knrange) -> 254.2237 | AA36: 1200 psi | AB36: =1200*6895/1000000 -> 8.274 | AN36: 5 | AO36: =AN27 -> 667.85812
B37: Dto | C37: =SQRT(4*at/PI()) -> 16.792494 | D37: mm | E37: Throat diameter (initial) | I37: Kn avg | J37: =AVERAGE(knrange) -> 289.68593 | AA37: 1150 psi | AB37: =1150*6895/1000000 -> 7.92925 | AN37: 6 | AO37: =AN28 -> 532.62923
AA38: 1100 psi | AB38: =1100*6895/1000000 -> 7.5845 | AN38: 7 | AO38: =AN29 -> 168.63686
B39: e | C39: 0 | D39: mm | E39: Nozzle erosion | AA39: 1050 psi | AB39: =1050*6895/1000000 -> 7.23975 | AN39: 8 | AO39: =AN30 -> 324.38947
B40: Dtf | C40: =SQRT(4*at/PI())+erate -> 16.792494 | D40: mm | E40: Throat diameter (final) | AA40: 1000 psi | AB40: =1000*6895/1000000 -> 6.895
AA41: 950 psi | AB41: =950*6895/1000000 -> 6.55025
B42: xinc | C42: 0.49 | D42: mm | E42: Kn Table | G42: =IF(twebfinal>0.1,"Error code 01--convergence failure","") | AA42: 900 psi | AB42: =900*6895/1000000 -> 6.2055
B43: Interval | C43: x | D43: d | E43: D | F43: L | G43: tweb | H43: Abe | I43: Abc | J43: Abs | K43: Ab total | L43: At | M43: Kn | AA43: 850 psi | AB43: =850*6895/1000000 -> 5.86075
C44: mm | D44: mm | E44: mm | F44: mm | G44: mm | H44: mm2 | I44: mm2 | J44: mm2 | K44: mm2 | L44: mm2 | AA44: 800 psi | AB44: =800*6895/1000000 -> 5.516
B45: 0 | C45: 0 | D45: =dio+ci*(2*C45) -> 20 | E45: =do-osi*(2*C45) -> 69 | F45: =lgo-ei*(2*n*C45) -> 460 | G45: =(E45-D45)/2 -> 24.5 | H45: =ei*2*n*PI()/4*(E45^2-D45^2) -> 27400.971 | I45: =ci*PI()*D45*F45 -> 28902.652 | J45: =osi*PI()*E45*F45 -> 0 | K45: =SUM(H45:J45) -> 56303.624 | L45: =PI()/4*(dto+erate*(two-G45)/two)^2 -> 221.47276 | M45: =K45/L45 -> 254.2237 | AA45: 750 psi | AB45: =750*6895/1000000 -> 5.17125
B46: =1+B45 -> 1 | C46: =xinc+C45 -> 0.49 | D46: =dio+ci*(2*C46) -> 20.98 | E46: =do-osi*(2*C46) -> 69 | F46: =lgo-ei*(2*n*C46) -> 456.08 | G46: =(E46-D46)/2 -> 24.01 | H46: =ei*2*n*PI()/4*(E46^2-D46^2) -> 27148.636 | I46: =ci*PI()*D46*F46 -> 30060.513 | J46: =osi*PI()*E46*F46 -> 0 | K46: =SUM(H46:J46) -> 57209.149 | L46: =PI()/4*(dto+erate*(two-G46)/two)^2 -> 221.47276 | M46: =K46/L46 -> 258.31235 | AA46: 700 psi | AB46: =700*6895/1000000 -> 4.8265
B47: =1+B46 -> 2 | C47: =xinc+C46 -> 0.98 | D47: =dio+ci*(2*C47) -> 21.96 | E47: =do-osi*(2*C47) -> 69 | F47: =lgo-ei*(2*n*C47) -> 452.16 | G47: =(E47-D47)/2 -> 23.52 | H47: =ei*2*n*PI()/4*(E47^2-D47^2) -> 26884.232 | I47: =ci*PI()*D47*F47 -> 31194.236 | J47: =osi*PI()*E47*F47 -> 0 | K47: =SUM(H47:J47) -> 58078.468 | L47: =PI()/4*(dto+erate*(two-G47)/two)^2 -> 221.47276 | M47: =K47/L47 -> 262.23753 | AA47: 650 psi | AB47: =650*6895/1000000 -> 4.48175
B48: =1+B47 -> 3 | C48: =xinc+C47 -> 1.47 | D48: =dio+ci*(2*C48) -> 22.94 | E48: =do-osi*(2*C48) -> 69 | F48: =lgo-ei*(2*n*C48) -> 448.24 | G48: =(E48-D48)/2 -> 23.03 | H48: =ei*2*n*PI()/4*(E48^2-D48^2) -> 26607.759 | I48: =ci*PI()*D48*F48 -> 32303.821 | J48: =osi*PI()*E48*F48 -> 0 | K48: =SUM(H48:J48) -> 58911.58 | L48: =PI()/4*(dto+erate*(two-G48)/two)^2 -> 221.47276 | M48: =K48/L48 -> 265.99922 | AA48: 600 psi | AB48: =600*6895/1000000 -> 4.137
B49: =1+B48 -> 4 | C49: =xinc+C48 -> 1.96 | D49: =dio+ci*(2*C49) -> 23.92 | E49: =do-osi*(2*C49) -> 69 | F49: =lgo-ei*(2*n*C49) -> 444.32 | G49: =(E49-D49)/2 -> 22.54 | H49: =ei*2*n*PI()/4*(E49^2-D49^2) -> 26319.218 | I49: =ci*PI()*D49*F49 -> 33389.269 | J49: =osi*PI()*E49*F49 -> 0 | K49: =SUM(H49:J49) -> 59708.487 | L49: =PI()/4*(dto+erate*(two-G49)/two)^2 -> 221.47276 | M49: =K49/L49 -> 269.59743 | AA49: 550 psi | AB49: =550*6895/1000000 -> 3.79225
B50: =1+B49 -> 5 | C50: =xinc+C49 -> 2.45 | D50: =dio+ci*(2*C50) -> 24.9 | E50: =do-osi*(2*C50) -> 69 | F50: =lgo-ei*(2*n*C50) -> 440.4 | G50: =(E50-D50)/2 -> 22.05 | H50: =ei*2*n*PI()/4*(E50^2-D50^2) -> 26018.608 | I50: =ci*PI()*D50*F50 -> 34450.579 | J50: =osi*PI()*E50*F50 -> 0 | K50: =SUM(H50:J50) -> 60469.187 | L50: =PI()/4*(dto+erate*(two-G50)/two)^2 -> 221.47276 | M50: =K50/L50 -> 273.03217 | AA50: 500 psi | AB50: =500*6895/1000000 -> 3.4475
B51: =1+B50 -> 6 | C51: =xinc+C50 -> 2.94 | D51: =dio+ci*(2*C51) -> 25.88 | E51: =do-osi*(2*C51) -> 69 | F51: =lgo-ei*(2*n*C51) -> 436.48 | G51: =(E51-D51)/2 -> 21.56 | H51: =ei*2*n*PI()/4*(E51^2-D51^2) -> 25705.929 | I51: =ci*PI()*D51*F51 -> 35487.752 | J51: =osi*PI()*E51*F51 -> 0 | K51: =SUM(H51:J51) -> 61193.681 | L51: =PI()/4*(dto+erate*(two-G51)/two)^2 -> 221.47276 | M51: =K51/L51 -> 276.30342 | AA51: 450 psi | AB51: =450*6895/1000000 -> 3.10275
B52: =1+B51 -> 7 | C52: =xinc+C51 -> 3.43 | D52: =dio+ci*(2*C52) -> 26.86 | E52: =do-osi*(2*C52) -> 69 | F52: =lgo-ei*(2*n*C52) -> 432.56 | G52: =(E52-D52)/2 -> 21.07 | H52: =ei*2*n*PI()/4*(E52^2-D52^2) -> 25381.181 | I52: =ci*PI()*D52*F52 -> 36500.788 | J52: =osi*PI()*E52*F52 -> 0 | K52: =SUM(H52:J52) -> 61881.969 | L52: =PI()/4*(dto+erate*(two-G52)/two)^2 -> 221.47276 | M52: =K52/L52 -> 279.4112 | AA52: 400 psi | AB52: =400*6895/1000000 -> 2.758
B53: =1+B52 -> 8 | C53: =xinc+C52 -> 3.92 | D53: =dio+ci*(2*C53) -> 27.84 | E53: =do-osi*(2*C53) -> 69 | F53: =lgo-ei*(2*n*C53) -> 428.64 | G53: =(E53-D53)/2 -> 20.58 | H53: =ei*2*n*PI()/4*(E53^2-D53^2) -> 25044.364 | I53: =ci*PI()*D53*F53 -> 37489.686 | J53: =osi*PI()*E53*F53 -> 0 | K53: =SUM(H53:J53) -> 62534.05 | L53: =PI()/4*(dto+erate*(two-G53)/two)^2 -> 221.47276 | M53: =K53/L53 -> 282.3555 | AA53: 350 psi | AB53: =350*6895/1000000 -> 2.41325
B54: =1+B53 -> 9 | C54: =xinc+C53 -> 4.41 | D54: =dio+ci*(2*C54) -> 28.82 | E54: =do-osi*(2*C54) -> 69 | F54: =lgo-ei*(2*n*C54) -> 424.72 | G54: =(E54-D54)/2 -> 20.09 | H54: =ei*2*n*PI()/4*(E54^2-D54^2) -> 24695.479 | I54: =ci*PI()*D54*F54 -> 38454.446 | J54: =osi*PI()*E54*F54 -> 0 | K54: =SUM(H54:J54) -> 63149.926 | L54: =PI()/4*(dto+erate*(two-G54)/two)^2 -> 221.47276 | M54: =K54/L54 -> 285.13632 | AA54: 300 psi | AB54: =300*6895/1000000 -> 2.0685
B55: =1+B54 -> 10 | C55: =xinc+C54 -> 4.9 | D55: =dio+ci*(2*C55) -> 29.8 | E55: =do-osi*(2*C55) -> 69 | F55: =lgo-ei*(2*n*C55) -> 420.8 | G55: =(E55-D55)/2 -> 19.6 | H55: =ei*2*n*PI()/4*(E55^2-D55^2) -> 24334.525 | I55: =ci*PI()*D55*F55 -> 39395.069 | J55: =osi*PI()*E55*F55 -> 0 | K55: =SUM(H55:J55) -> 63729.595 | L55: =PI()/4*(dto+erate*(two-G55)/two)^2 -> 221.47276 | M55: =K55/L55 -> 287.75365 | AA55: 250 psi | AB55: =250*6895/1000000 -> 1.72375
B56: =1+B55 -> 11 | C56: =xinc+C55 -> 5.39 | D56: =dio+ci*(2*C56) -> 30.78 | E56: =do-osi*(2*C56) -> 69 | F56: =lgo-ei*(2*n*C56) -> 416.88 | G56: =(E56-D56)/2 -> 19.11 | H56: =ei*2*n*PI()/4*(E56^2-D56^2) -> 23961.503 | I56: =ci*PI()*D56*F56 -> 40311.555 | J56: =osi*PI()*E56*F56 -> 0 | K56: =SUM(H56:J56) -> 64273.057 | L56: =PI()/4*(dto+erate*(two-G56)/two)^2 -> 221.47276 | M56: =K56/L56 -> 290.20751 | AA56: 200 psi | AB56: =200*6895/1000000 -> 1.379
B57: =1+B56 -> 12 | C57: =xinc+C56 -> 5.88 | D57: =dio+ci*(2*C57) -> 31.76 | E57: =do-osi*(2*C57) -> 69 | F57: =lgo-ei*(2*n*C57) -> 412.96 | G57: =(E57-D57)/2 -> 18.62 | H57: =ei*2*n*PI()/4*(E57^2-D57^2) -> 23576.411 | I57: =ci*PI()*D57*F57 -> 41203.903 | J57: =osi*PI()*E57*F57 -> 0 | K57: =SUM(H57:J57) -> 64780.314 | L57: =PI()/4*(dto+erate*(two-G57)/two)^2 -> 221.47276 | M57: =K57/L57 -> 292.49789 | AA57: 150 psi | AB57: =150*6895/1000000 -> 1.03425
B58: =1+B57 -> 13 | C58: =xinc+C57 -> 6.37 | D58: =dio+ci*(2*C58) -> 32.74 | E58: =do-osi*(2*C58) -> 69 | F58: =lgo-ei*(2*n*C58) -> 409.04 | G58: =(E58-D58)/2 -> 18.13 | H58: =ei*2*n*PI()/4*(E58^2-D58^2) -> 23179.251 | I58: =ci*PI()*D58*F58 -> 42072.113 | J58: =osi*PI()*E58*F58 -> 0 | K58: =SUM(H58:J58) -> 65251.364 | L58: =PI()/4*(dto+erate*(two-G58)/two)^2 -> 221.47276 | M58: =K58/L58 -> 294.62479
B59: =1+B58 -> 14 | C59: =xinc+C58 -> 6.86 | D59: =dio+ci*(2*C59) -> 33.72 | E59: =do-osi*(2*C59) -> 69 | F59: =lgo-ei*(2*n*C59) -> 405.12 | G59: =(E59-D59)/2 -> 17.64 | H59: =ei*2*n*PI()/4*(E59^2-D59^2) -> 22770.022 | I59: =ci*PI()*D59*F59 -> 42916.186 | J59: =osi*PI()*E59*F59 -> 0 | K59: =SUM(H59:J59) -> 65686.209 | L59: =PI()/4*(dto+erate*(two-G59)/two)^2 -> 221.47276 | M59: =K59/L59 -> 296.58821
B60: =1+B59 -> 15 | C60: =xinc+C59 -> 7.35 | D60: =dio+ci*(2*C60) -> 34.7 | E60: =do-osi*(2*C60) -> 69 | F60: =lgo-ei*(2*n*C60) -> 401.2 | G60: =(E60-D60)/2 -> 17.15 | H60: =ei*2*n*PI()/4*(E60^2-D60^2) -> 22348.725 | I60: =ci*PI()*D60*F60 -> 43736.122 | J60: =osi*PI()*E60*F60 -> 0 | K60: =SUM(H60:J60) -> 66084.847 | L60: =PI()/4*(dto+erate*(two-G60)/two)^2 -> 221.47276 | M60: =K60/L60 -> 298.38815
B61: =1+B60 -> 16 | C61: =xinc+C60 -> 7.84 | D61: =dio+ci*(2*C61) -> 35.68 | E61: =do-osi*(2*C61) -> 69 | F61: =lgo-ei*(2*n*C61) -> 397.28 | G61: =(E61-D61)/2 -> 16.66 | H61: =ei*2*n*PI()/4*(E61^2-D61^2) -> 21915.358 | I61: =ci*PI()*D61*F61 -> 44531.92 | J61: =osi*PI()*E61*F61 -> 0 | K61: =SUM(H61:J61) -> 66447.278 | L61: =PI()/4*(dto+erate*(two-G61)/two)^2 -> 221.47276 | M61: =K61/L61 -> 300.02462
B62: =1+B61 -> 17 | C62: =xinc+C61 -> 8.33 | D62: =dio+ci*(2*C62) -> 36.66 | E62: =do-osi*(2*C62) -> 69 | F62: =lgo-ei*(2*n*C62) -> 393.36 | G62: =(E62-D62)/2 -> 16.17 | H62: =ei*2*n*PI()/4*(E62^2-D62^2) -> 21469.923 | I62: =ci*PI()*D62*F62 -> 45303.581 | J62: =osi*PI()*E62*F62 -> 0 | K62: =SUM(H62:J62) -> 66773.504 | L62: =PI()/4*(dto+erate*(two-G62)/two)^2 -> 221.47276 | M62: =K62/L62 -> 301.4976
B63: =1+B62 -> 18 | C63: =xinc+C62 -> 8.82 | D63: =dio+ci*(2*C63) -> 37.64 | E63: =do-osi*(2*C63) -> 69 | F63: =lgo-ei*(2*n*C63) -> 389.44 | G63: =(E63-D63)/2 -> 15.68 | H63: =ei*2*n*PI()/4*(E63^2-D63^2) -> 21012.419 | I63: =ci*PI()*D63*F63 -> 46051.104 | J63: =osi*PI()*E63*F63 -> 0 | K63: =SUM(H63:J63) -> 67063.523 | L63: =PI()/4*(dto+erate*(two-G63)/two)^2 -> 221.47276 | M63: =K63/L63 -> 302.8071
B64: =1+B63 -> 19 | C64: =xinc+C63 -> 9.31 | D64: =dio+ci*(2*C64) -> 38.62 | E64: =do-osi*(2*C64) -> 69 | F64: =lgo-ei*(2*n*C64) -> 385.52 | G64: =(E64-D64)/2 -> 15.19 | H64: =ei*2*n*PI()/4*(E64^2-D64^2) -> 20542.847 | I64: =ci*PI()*D64*F64 -> 46774.489 | J64: =osi*PI()*E64*F64 -> 0 | K64: =SUM(H64:J64) -> 67317.336 | L64: =PI()/4*(dto+erate*(two-G64)/two)^2 -> 221.47276 | M64: =K64/L64 -> 303.95312
B65: =1+B64 -> 20 | C65: =xinc+C64 -> 9.8 | D65: =dio+ci*(2*C65) -> 39.6 | E65: =do-osi*(2*C65) -> 69 | F65: =lgo-ei*(2*n*C65) -> 381.6 | G65: =(E65-D65)/2 -> 14.7 | H65: =ei*2*n*PI()/4*(E65^2-D65^2) -> 20061.205 | I65: =ci*PI()*D65*F65 -> 47473.738 | J65: =osi*PI()*E65*F65 -> 0 | K65: =SUM(H65:J65) -> 67534.943 | L65: =PI()/4*(dto+erate*(two-G65)/two)^2 -> 221.47276 | M65: =K65/L65 -> 304.93567
B66: =1+B65 -> 21 | C66: =xinc+C65 -> 10.29 | D66: =dio+ci*(2*C66) -> 40.58 | E66: =do-osi*(2*C66) -> 69 | F66: =lgo-ei*(2*n*C66) -> 377.68 | G66: =(E66-D66)/2 -> 14.21 | H66: =ei*2*n*PI()/4*(E66^2-D66^2) -> 19567.495 | I66: =ci*PI()*D66*F66 -> 48148.848 | J66: =osi*PI()*E66*F66 -> 0 | K66: =SUM(H66:J66) -> 67716.344 | L66: =PI()/4*(dto+erate*(two-G66)/two)^2 -> 221.47276 | M66: =K66/L66 -> 305.75473
B67: =1+B66 -> 22 | C67: =xinc+C66 -> 10.78 | D67: =dio+ci*(2*C67) -> 41.56 | E67: =do-osi*(2*C67) -> 69 | F67: =lgo-ei*(2*n*C67) -> 373.76 | G67: =(E67-D67)/2 -> 13.72 | H67: =ei*2*n*PI()/4*(E67^2-D67^2) -> 19061.716 | I67: =ci*PI()*D67*F67 -> 48799.821 | J67: =osi*PI()*E67*F67 -> 0 | K67: =SUM(H67:J67) -> 67861.538 | L67: =PI()/4*(dto+erate*(two-G67)/two)^2 -> 221.47276 | M67: =K67/L67 -> 306.41032
B68: =1+B67 -> 23 | C68: =xinc+C67 -> 11.27 | D68: =dio+ci*(2*C68) -> 42.54 | E68: =do-osi*(2*C68) -> 69 | F68: =lgo-ei*(2*n*C68) -> 369.84 | G68: =(E68-D68)/2 -> 13.23 | H68: =ei*2*n*PI()/4*(E68^2-D68^2) -> 18543.869 | I68: =ci*PI()*D68*F68 -> 49426.657 | J68: =osi*PI()*E68*F68 -> 0 | K68: =SUM(H68:J68) -> 67970.526 | L68: =PI()/4*(dto+erate*(two-G68)/two)^2 -> 221.47276 | M68: =K68/L68 -> 306.90243
B69: =1+B68 -> 24 | C69: =xinc+C68 -> 11.76 | D69: =dio+ci*(2*C69) -> 43.52 | E69: =do-osi*(2*C69) -> 69 | F69: =lgo-ei*(2*n*C69) -> 365.92 | G69: =(E69-D69)/2 -> 12.74 | H69: =ei*2*n*PI()/4*(E69^2-D69^2) -> 18013.953 | I69: =ci*PI()*D69*F69 -> 50029.355 | J69: =osi*PI()*E69*F69 -> 0 | K69: =SUM(H69:J69) -> 68043.308 | L69: =PI()/4*(dto+erate*(two-G69)/two)^2 -> 221.47276 | M69: =K69/L69 -> 307.23105
... B95: =1+B94 -> 50 | C95: =xinc+C94 -> 24.5 | D95: =dio+ci*(2*C95) -> 69 | E95: =do-osi*(2*C95) -> 69 | F95: =lgo-ei*(2*n*C95) -> 264 | G95: =(E95-D95)/2 -> 2.1316282e-14 | H95: =ei*2*n*PI()/4*(E95^2-D95^2) -> 3.4287142e-11 | I95: =ci*PI()*D95*F95 -> 57227.252 | J95: =osi*PI()*E95*F95 -> 0 | K95: =SUM(H95:J95) -> 57227.252 | L95: =PI()/4*(dto+erate*(two-G95)/two)^2 -> 221.47276 | M95: =K95/L95 -> 258.39409
C96: =two-xfinal*(ci+osi) -> 0 | J96: Max => | K96: =MAX(K45:K95) -> 68080.253 | L96: Max => | M96: =MAX(knrange) -> 307.39787
B98: Note [1] | C98: KNDX = potassium nitrate/dextrose, 65/35 O/F ratio, oxidizer finely milled
C99: KNSB fine = potassium nitrate/sorbitol 65/35 O/F ratio, oxidizer finely milled
C100: KNSB coarse = potassium nitrate/sorbitol 65/35 O/F ratio, oxidizer granular or lightly milled prills
C101: KNSU= potassium nitrate/sucrose 65/35 O/F ratio, oxidizer finely milled
C102: KNER coarse = potassium nitrate/erythritol 65/35 O/F ratio, oxidizer granular or lightly milled prills
C103: KNMN coarse = potassium nitrate/mannitol 65/35 O/F ratio, oxidizer granular or lightly milled prills
C104: KNFR = potassium nitrate/fructose, 65/35 O/F ratio, oxidizer finely milled
C105: KNPSB= potassium nitrate/potassium perchlorate/sorbitol 35/30/35 O/O/F ratio, oxidizers finely milled

Sheet Pressure
B5: Rocket Motor chamber pressure
B9: R' | C9: 8314 | D9: J/mol-K | E9: Universal gas constant
B10: M | C10: =IF(fueltype=1,m_dx,IF(fueltype=2,m_so,IF(fueltype=3,m_so,IF(fueltype=4,m_su,IF(fueltype=5,m_er,IF(fueltype=6,m_mn,IF(fueltype=7,m_ot,m_fr))))))) -> 42.42 | D10: kg/kmol | E10: Effective molecular wt.of products
B11: R | C11: =runiv/m -> 195.99246 | D11: J/kg-K | E11: Specific gas constant
B12: k | C12: =IF(fueltype=1,ks_dx,IF(fueltype=2,ks_so,IF(fueltype=3,ks_so,IF(fueltype=4,ks_su,IF(fueltype=5,ks_er,IF(fueltype=6,ks_mn,IF(fueltype=7,ks_ot,ks_fr))))))) -> 1.1308 | E12: Ratio of specific heats, mixture
B13: hc | C13: 0.95 | E13: Combustion efficiency
B14: To | C14: =IF(fueltype=1,to_dx,IF(fueltype=2,to_so,IF(fueltype=3,to_so,IF(fueltype=4,to_su,IF(fueltype=5,to_er,IF(fueltype=6,to_mn,IF(fueltype=7,to_ot,to_fr))))))) -> 1710 | D14: K | E14: Ideal combustion temperature
B15: To act | C15: =etac*tothe -> 1624.5 | D15: K | E15: Actual chamber temperature
B16: Patm | C16: 0.101 | D16: MPa | E16: Ambient pressure
B17: c* | C17: =SQRT(rat*to/k*((k+1)/2)^((k+1)/(k-1))) -> 888.96501 | D17: m/s | E17: Characteristic exhaust velocity
B18: G* | C18: 6 | E18: Propellant erosive burning area ratio threshold | J18: Pmax = | K18: =pmax -> 6.3037269 | L18: MPa | O18: Pmax = | P18: =pmax/0.006895 -> 914.24611 | Q18: psi
B19: kv | C19: 0 | E19: Propellant erosive burning velocity coefficient | J19: t burn = | K19: =tbout -> 1.9422242 | L19: s. | O19: t burn = | P19: =tbout -> 1.9422242 | Q19: s.
J20: t thrust = | K20: =tthr -> 2.0252514 | L20: s. | O20: t thrust = | P20: =tthr -> 2.0252514 | Q20: s.
W22: Pburst = | X22: 0 | Y22: MPa. | AA22: Pmax= | AB22: =MAX(AC28:AC910) -> 6.3037269 | AC22: MPa
G23: =D862 -> 1.8189894e-12 | J23: 0.0017665369 | K23: <=Note: In case of non-convergence to zero, change value in this cell to a small "seed" value (e.g. .01)
B24: xinc | C24: 0.029376499 | D24: mm
B25: Interval | C25: xi | D25: tweb | E25: d | F25: D | G25: L | H25: At | I25: A* | J25: ADUCT | K25: ADUCT /At | L25: G | M25: Po | N25: a | O25: n | P25: r | Q25: t | R25: V GRAIN | S25: V GRAIN | T25: V FREE | U25: m GRAIN | V25: m GEN | W25: m NOZ | X25: m STO | Y25: mass STO | Z25: r prod | AA25: Po | AB25: Po | AC25: Po | AD25: Po
C26: mm | D26: mm | E26: mm | F26: mm | G26: mm | H26: mm2 | I26: m2 | J26: mm2 | M26: MPa (abs) | N26: mm/s. | P26: mm/s. | Q26: sec. | R26: mm3 | S26: m3 | T26: m3 | U26: kg. | V26: kg/s | W26: kg/s | X26: kg/s | Y26: kg | Z26: kg/m3 | AA26: Pa (abs) | AB26: Mpa (abs) | AC26: Mpa (gage) | AD26: psig
B28: 0 | C28: 0 | D28: =two -> 24.5 | E28: =dio -> 20 | F28: =do -> 69 | G28: =lgo -> 460 | H28: =PI()/4*(dto+erate*(two-D28)/two)^2 -> 221.47276 | I28: =H28/1000^2 -> 0.00022147276 | J28: =PI()/4*dc^2-PI()/4*(F28^2-E28^2) -> 992.74328 | K28: =J28/H28 -> 4.4824623 | L28: =IF((gstar-K28)<0,0,gstar-K28) -> 1.5175377 | M28: 0.101 | N28: =IF(fueltype=1,VLOOKUP($M28,kndxbn_,4),IF(fueltype=2,VLOOKUP($M28,knsobn_,4),IF(fueltype=3,VLOOKUP($M28,knsbcobn_,4),IF(fueltype=4,VLOOKUP($M28,knsubn_,4),IF(fueltype=5,am_1,IF(fueltype=6,am_0,IF(fueltype=7,am_3,am_4))))))) -> 8.875445 | O28: =IF(fueltype=1,VLOOKUP($M28,kndxbn_,5),IF(fueltype=2,VLOOKUP($M28,knsobn_,5),IF(fueltype=3,VLOOKUP($M28,knsbcobn_,5),IF(fueltype=4,VLOOKUP($M28,knsubn_,5),IF(fueltype=5,nm_1,IF(fueltype=6,an_0,IF(fueltype=7,nm_3,nm_4))))))) -> 0.6193 | P28: =(1+kv*L28)*N28*M28^O28 -> 2.145687 | Q28: 0 | R28: =PI()/4*(F28^2-E28^2)*G28 -> 1575555.8 | S28: =R28/1000^3 -> 0.0015755558 | T28: =(vc/1000^3-S28) -> 0.00050084055 | U28: =rhopgrain*R28/1000^2 -> 2.812446 | V28: 0 | W28: 0 | X28: =V28-W28 -> 0 | Y28: 0 | Z28: =Y28/T28 -> 0 | AA28: =Z28*rat*to+patm*1000000 -> 101000 | AB28: =AA28/1000000 -> 0.101 | AC28: =AB28-patm -> 0 | AD28: =AC28*1000000/6895 -> 0
B29: =1+B28 -> 1 | C29: =xincp+C28 -> 0.029376499 | D29: =(F29-E29)/2 -> 24.470624 | E29: =E28+ci*2*xincp -> 20.058753 | F29: =F28-osi*2*xincp -> 69 | G29: =G28-ei*n*2*xincp -> 459.76499 | H29: =PI()/4*(dto+erate*(two-D29)/two)^2 -> 221.47276 | I29: =H29/1000^2 -> 0.00022147276 | J29: =PI()/4*dc^2-PI()/4*(F29^2-E29^2) -> 994.59177 | K29: =J29/H29 -> 4.4908087 | L29: =IF((gstar-K29)<0,0,gstar-K29) -> 1.5091913 | M29: =AB28 -> 0.101 | N29: =IF(fueltype=1,VLOOKUP($M29,kndxbn_,4),IF(fueltype=2,VLOOKUP($M29,knsobn_,4),IF(fueltype=3,VLOOKUP($M29,knsbcobn_,4),IF(fueltype=4,VLOOKUP($M29,knsubn_,4),IF(fueltype=5,am_1,IF(fueltype=6,am_0,IF(fueltype=7,am_3,am_4))))))) -> 8.875445 | O29: =IF(fueltype=1,VLOOKUP($M29,kndxbn_,5),IF(fueltype=2,VLOOKUP($M29,knsobn_,5),IF(fueltype=3,VLOOKUP($M29,knsbcobn_,5),IF(fueltype=4,VLOOKUP($M29,knsubn_,5),IF(fueltype=5,nm_1,IF(fueltype=6,an_0,IF(fueltype=7,nm_3,nm_4))))))) -> 0.6193 | P29: =(1+kv*L29)*N29*M29^O29 -> 2.145687 | Q29: =xincp/P29+Q28 -> 0.013690953 | R29: =PI()/4*(F29^2-E29^2)*G29 -> 1573901 | S29: =R29/1000^3 -> 0.001573901 | T29: =(vc/1000^3-S29) -> 0.00050249537 | U29: =rhopgrain*R29/1000^2 -> 2.809492 | V29: =(U28-U29)/(Q29-Q28) -> 0.21575776 | W29: =IF(V29<AI29,IF(AB28>pbd,AI29,0),AI29) -> 0 | X29: =V29-W29 -> 0.21575776 | Y29: =IF((X29*(Q29-Q28)+Y28)<0,0,X29*(Q29-Q28)+Y28) -> 0.0029539294 | Z29: =Y29/T29 -> 5.8785205 | AA29: =Z29*rat*to+patm*1000000 -> 1972660.7 | AB29: =AA29/1000000 -> 1.9726607 | AC29: =AB29-patm -> 1.8716607 | AD29: =AC29*1000000/6895 -> 271.45187 | AI29: =($M29-patm)*1000000*$I29/SQRT(rat*to)*SQRT(k)*(2/(k+1))^((k+1)/2/(k-1)) -> 0
B30: =1+B29 -> 2 | C30: =xincp+C29 -> 0.058752998 | D30: =(F30-E30)/2 -> 24.441247 | E30: =E29+ci*2*xincp -> 20.117506 | F30: =F29-osi*2*xincp -> 69 | G30: =G29-ei*n*2*xincp -> 459.52998 | H30: =PI()/4*(dto+erate*(two-D30)/two)^2 -> 221.47276 | I30: =H30/1000^2 -> 0.00022147276 | J30: =PI()/4*dc^2-PI()/4*(F30^2-E30^2) -> 996.44568 | K30: =J30/H30 -> 4.4991795 | L30: =IF((gstar-K30)<0,0,gstar-K30) -> 1.5008205 | M30: =AB29 -> 1.9726607 | N30: =IF(fueltype=1,VLOOKUP($M30,kndxbn_,4),IF(fueltype=2,VLOOKUP($M30,knsobn_,4),IF(fueltype=3,VLOOKUP($M30,knsbcobn_,4),IF(fueltype=4,VLOOKUP($M30,knsubn_,4),IF(fueltype=5,am_1,IF(fueltype=6,am_0,IF(fueltype=7,am_3,am_4))))))) -> 7.5527844 | O30: =IF(fueltype=1,VLOOKUP($M30,kndxbn_,5),IF(fueltype=2,VLOOKUP($M30,knsobn_,5),IF(fueltype=3,VLOOKUP($M30,knsbcobn_,5),IF(fueltype=4,VLOOKUP($M30,knsubn_,5),IF(fueltype=5,nm_1,IF(fueltype=6,an_0,IF(fueltype=7,nm_3,nm_4))))))) -> -0.0087 | P30: =(1+kv*L30)*N30*M30^O30 -> 7.5082744 | Q30: =xincp/P30+Q29 -> 0.017603503 | R30: =PI()/4*(F30^2-E30^2)*G30 -> 1572244.6 | S30: =R30/1000^3 -> 0.0015722446 | T30: =(vc/1000^3-S30) -> 0.00050415181 | U30: =rhopgrain*R30/1000^2 -> 2.8065352 | V30: =(U29-U30)/(Q30-Q29) -> 0.75572868 | W30: =IF(V30<AI30,IF(AB29>pbd,AI30,0),AI30) -> 0.46629714 | X30: =V30-W30 -> 0.28943153 | Y30: =IF((X30*(Q30-Q29)+Y29)<0,0,X30*(Q30-Q29)+Y29) -> 0.0040863447 | Z30: =Y30/T30 -> 8.1053854 | AA30: =Z30*rat*to+patm*1000000 -> 2681671.6 | AB30: =AA30/1000000 -> 2.6816716 | AC30: =AB30-patm -> 2.5806716 | AD30: =AC30*1000000/6895 -> 374.28159 | AI30: =($M30-patm)*1000000*$I30/SQRT(rat*to)*SQRT(k)*(2/(k+1))^((k+1)/2/(k-1)) -> 0.46629714
B31: =1+B30 -> 3 | C31: =xincp+C30 -> 0.088129496 | D31: =(F31-E31)/2 -> 24.411871 | E31: =E30+ci*2*xincp -> 20.176259 | F31: =F30-osi*2*xincp -> 69 | G31: =G30-ei*n*2*xincp -> 459.29496 | H31: =PI()/4*(dto+erate*(two-D31)/two)^2 -> 221.47276 | I31: =H31/1000^2 -> 0.00022147276 | J31: =PI()/4*dc^2-PI()/4*(F31^2-E31^2) -> 998.30502 | K31: =J31/H31 -> 4.5075748 | L31: =IF((gstar-K31)<0,0,gstar-K31) -> 1.4924252 | M31: =AB30 -> 2.6816716 | N31: =IF(fueltype=1,VLOOKUP($M31,kndxbn_,4),IF(fueltype=2,VLOOKUP($M31,knsobn_,4),IF(fueltype=3,VLOOKUP($M31,knsbcobn_,4),IF(fueltype=4,VLOOKUP($M31,knsubn_,4),IF(fueltype=5,am_1,IF(fueltype=6,am_0,IF(fueltype=7,am_3,am_4))))))) -> 3.8408799 | O31: =IF(fueltype=1,VLOOKUP($M31,kndxbn_,5),IF(fueltype=2,VLOOKUP($M31,knsobn_,5),IF(fueltype=3,VLOOKUP($M31,knsbcobn_,5),IF(fueltype=4,VLOOKUP($M31,knsubn_,5),IF(fueltype=5,nm_1,IF(fueltype=6,an_0,IF(fueltype=7,nm_3,nm_4))))))) -> 0.6882 | P31: =(1+kv*L31)*N31*M31^O31 -> 7.5728518 | Q31: =xincp/P31+Q30 -> 0.021482689 | R31: =PI()/4*(F31^2-E31^2)*G31 -> 1570586.5 | S31: =R31/1000^3 -> 0.0015705865 | T31: =(vc/1000^3-S31) -> 0.00050580987 | U31: =rhopgrain*R31/1000^2 -> 2.8035755 | V31: =(U30-U31)/(Q31-Q30) -> 0.76297359 | W31: =IF(V31<AI31,IF(AB30>pbd,AI31,0),AI31) -> 0.64293694 | X31: =V31-W31 -> 0.12003664 | Y31: =IF((X31*(Q31-Q30)+Y30)<0,0,X31*(Q31-Q30)+Y30) -> 0.0045519891 | Z31: =Y31/T31 -> 8.9994075 | AA31: =Z31*rat*to+patm*1000000 -> 2966319.1 | AB31: =AA31/1000000 -> 2.9663191 | AC31: =AB31-patm -> 2.8653191 | AD31: =AC31*1000000/6895 -> 415.56477 | AI31: =($M31-patm)*1000000*$I31/SQRT(rat*to)*SQRT(k)*(2/(k+1))^((k+1)/2/(k-1)) -> 0.64293694
B32: =1+B31 -> 4 | C32: =xincp+C31 -> 0.117506 | D32: =(F32-E32)/2 -> 24.382494 | E32: =E31+ci*2*xincp -> 20.235012 | F32: =F31-osi*2*xincp -> 69 | G32: =G31-ei*n*2*xincp -> 459.05995 | H32: =PI()/4*(dto+erate*(two-D32)/two)^2 -> 221.47276 | I32: =H32/1000^2 -> 0.00022147276 | J32: =PI()/4*dc^2-PI()/4*(F32^2-E32^2) -> 1000.1698 | K32: =J32/H32 -> 4.5159946 | L32: =IF((gstar-K32)<0,0,gstar-K32) -> 1.4840054 | M32: =AB31 -> 2.9663191 | N32: =IF(fueltype=1,VLOOKUP($M32,kndxbn_,4),IF(fueltype=2,VLOOKUP($M32,knsobn_,4),IF(fueltype=3,VLOOKUP($M32,knsbcobn_,4),IF(fueltype=4,VLOOKUP($M32,knsubn_,4),IF(fueltype=5,am_1,IF(fueltype=6,am_0,IF(fueltype=7,am_3,am_4))))))) -> 3.8408799 | O32: =IF(fueltype=1,VLOOKUP($M32,kndxbn_,5),IF(fueltype=2,VLOOKUP($M32,knsobn_,5),IF(fueltype=3,VLOOKUP($M32,knsbcobn_,5),IF(fueltype=4,VLOOKUP($M32,knsubn_,5),IF(fueltype=5,nm_1,IF(fueltype=6,an_0,IF(fueltype=7,nm_3,nm_4))))))) -> 0.6882 | P32: =(1+kv*L32)*N32*M32^O32 -> 8.11729 | Q32: =xincp/P32+Q31 -> 0.025101692 | R32: =PI()/4*(F32^2-E32^2)*G32 -> 1568926.9 | S32: =R32/1000^3 -> 0.0015689269 | T32: =(vc/1000^3-S32) -> 0.00050746954 | U32: =rhopgrain*R32/1000^2 -> 2.8006129 | V32: =(U31-U32)/(Q32-Q31) -> 0.81862306 | W32: =IF(V32<AI32,IF(AB31>pbd,AI32,0),AI32) -> 0.71385274 | X32: =V32-W32 -> 0.10477032 | Y32: =IF((X32*(Q32-Q31)+Y31)<0,0,X32*(Q32-Q31)+Y31) -> 0.0049311533 | Z32: =Y32/T32 -> 9.7171413 | AA32: =Z32*rat*to+patm*1000000 -> 3194838.2 | AB32: =AA32/1000000 -> 3.1948382 | AC32: =AB32-patm -> 3.0938382 | AD32: =AC32*1000000/6895 -> 448.70749 | AI32: =($M32-patm)*1000000*$I32/SQRT(rat*to)*SQRT(k)*(2/(k+1))^((k+1)/2/(k-1)) -> 0.71385274
B33: =1+B32 -> 5 | C33: =xincp+C32 -> 0.14688249 | D33: =(F33-E33)/2 -> 24.353118 | E33: =E32+ci*2*xincp -> 20.293765 | F33: =F32-osi*2*xincp -> 69 | G33: =G32-ei*n*2*xincp -> 458.82494 | H33: =PI()/4*(dto+erate*(two-D33)/two)^2 -> 221.47276 | I33: =H33/1000^2 -> 0.00022147276 | J33: =PI()/4*dc^2-PI()/4*(F33^2-E33^2) -> 1002.04 | K33: =J33/H33 -> 4.5244389 | L33: =IF((gstar-K33)<0,0,gstar-K33) -> 1.4755611 | M33: =AB32 -> 3.1948382 | N33: =IF(fueltype=1,VLOOKUP($M33,kndxbn_,4),IF(fueltype=2,VLOOKUP($M33,knsobn_,4),IF(fueltype=3,VLOOKUP($M33,knsbcobn_,4),IF(fueltype=4,VLOOKUP($M33,knsubn_,4),IF(fueltype=5,am_1,IF(fueltype=6,am_0,IF(fueltype=7,am_3,am_4))))))) -> 3.8408799 | O33: =IF(fueltype=1,VLOOKUP($M33,kndxbn_,5),IF(fueltype=2,VLOOKUP($M33,knsobn_,5),IF(fueltype=3,VLOOKUP($M33,knsbcobn_,5),IF(fueltype=4,VLOOKUP($M33,knsubn_,5),IF(fueltype=5,nm_1,IF(fueltype=6,an_0,IF(fueltype=7,nm_3,nm_4))))))) -> 0.6882 | P33: =(1+kv*L33)*N33*M33^O33 -> 8.5426465 | Q33: =xincp/P33+Q32 -> 0.028540497 | R33: =PI()/4*(F33^2-E33^2)*G33 -> 1567265.6 | S33: =R33/1000^3 -> 0.0015672656 | T33: =(vc/1000^3-S33) -> 0.00050913083 | U33: =rhopgrain*R33/1000^2 -> 2.7976474 | V33: =(U32-U33)/(Q33-Q32) -> 0.86235642 | W33: =IF(V33<AI33,IF(AB32>pbd,AI33,0),AI33) -> 0.77078496 | X33: =V33-W33 -> 0.091571459 | Y33: =IF((X33*(Q33-Q32)+Y32)<0,0,X33*(Q33-Q32)+Y32) -> 0.0052460497 | Z33: =Y33/T33 -> 10.303933 | AA33: =Z33*rat*to+patm*1000000 -> 3381666.5 | AB33: =AA33/1000000 -> 3.3816665 | AC33: =AB33-patm -> 3.2806665 | AD33: =AC33*1000000/6895 -> 475.80369 | AI33: =($M33-patm)*1000000*$I33/SQRT(rat*to)*SQRT(k)*(2/(k+1))^((k+1)/2/(k-1)) -> 0.77078496
B34: =1+B33 -> 6 | C34: =xincp+C33 -> 0.17625899 | D34: =(F34-E34)/2 -> 24.323741 | E34: =E33+ci*2*xincp -> 20.352518 | F34: =F33-osi*2*xincp -> 69 | G34: =G33-ei*n*2*xincp -> 458.58993 | H34: =PI()/4*(dto+erate*(two-D34)/two)^2 -> 221.47276 | I34: =H34/1000^2 -> 0.00022147276 | J34: =PI()/4*dc^2-PI()/4*(F34^2-E34^2) -> 1003.9156 | K34: =J34/H34 -> 4.5329077 | L34: =IF((gstar-K34)<0,0,gstar-K34) -> 1.4670923 | M34: =AB33 -> 3.3816665 | N34: =IF(fueltype=1,VLOOKUP($M34,kndxbn_,4),IF(fueltype=2,VLOOKUP($M34,knsobn_,4),IF(fueltype=3,VLOOKUP($M34,knsbcobn_,4),IF(fueltype=4,VLOOKUP($M34,knsubn_,4),IF(fueltype=5,am_1,IF(fueltype=6,am_0,IF(fueltype=7,am_3,am_4))))))) -> 3.8408799 | O34: =IF(fueltype=1,VLOOKUP($M34,kndxbn_,5),IF(fueltype=2,VLOOKUP($M34,knsobn_,5),IF(fueltype=3,VLOOKUP($M34,knsbcobn_,5),IF(fueltype=4,VLOOKUP($M34,knsubn_,5),IF(fueltype=5,nm_1,IF(fueltype=6,an_0,IF(fueltype=7,nm_3,nm_4))))))) -> 0.6882 | P34: =(1+kv*L34)*N34*M34^O34 -> 8.8833858 | Q34: =xincp/P34+Q33 -> 0.031847401 | R34: =PI()/4*(F34^2-E34^2)*G34 -> 1565602.7 | S34: =R34/1000^3 -> 0.0015656027 | T34: =(vc/1000^3-S34) -> 0.00051079372 | U34: =rhopgrain*R34/1000^2 -> 2.7946791 | V34: =(U33-U34)/(Q34-Q33) -> 0.89762086 | W34: =IF(V34<AI34,IF(AB33>pbd,AI34,0),AI34) -> 0.81733053 | X34: =V34-W34 -> 0.080290334 | Y34: =IF((X34*(Q34-Q33)+Y33)<0,0,X34*(Q34-Q33)+Y33) -> 0.0055115621 | Z34: =Y34/T34 -> 10.790192 | AA34: =Z34*rat*to+patm*1000000 -> 3536486.3 | AB34: =AA34/1000000 -> 3.5364863 | AC34: =AB34-patm -> 3.4354863 | AD34: =AC34*1000000/6895 -> 498.25763 | AI34: =($M34-patm)*1000000*$I34/SQRT(rat*to)*SQRT(k)*(2/(k+1))^((k+1)/2/(k-1)) -> 0.81733053
B35: =1+B34 -> 7 | C35: =xincp+C34 -> 0.20563549 | D35: =(F35-E35)/2 -> 24.294365 | E35: =E34+ci*2*xincp -> 20.411271 | F35: =F34-osi*2*xincp -> 69 | G35: =G34-ei*n*2*xincp -> 458.35492 | H35: =PI()/4*(dto+erate*(two-D35)/two)^2 -> 221.47276 | I35: =H35/1000^2 -> 0.00022147276 | J35: =PI()/4*dc^2-PI()/4*(F35^2-E35^2) -> 1005.7966 | K35: =J35/H35 -> 4.5414009 | L35: =IF((gstar-K35)<0,0,gstar-K35) -> 1.4585991 | M35: =AB34 -> 3.5364863 | N35: =IF(fueltype=1,VLOOKUP($M35,kndxbn_,4),IF(fueltype=2,VLOOKUP($M35,knsobn_,4),IF(fueltype=3,VLOOKUP($M35,knsbcobn_,4),IF(fueltype=4,VLOOKUP($M35,knsubn_,4),IF(fueltype=5,am_1,IF(fueltype=6,am_0,IF(fueltype=7,am_3,am_4))))))) -> 3.8408799 | O35: =IF(fueltype=1,VLOOKUP($M35,kndxbn_,5),IF(fueltype=2,VLOOKUP($M35,knsobn_,5),IF(fueltype=3,VLOOKUP($M35,knsbcobn_,5),IF(fueltype=4,VLOOKUP($M35,knsubn_,5),IF(fueltype=5,nm_1,IF(fueltype=6,an_0,IF(fueltype=7,nm_3,nm_4))))))) -> 0.6882 | P35: =(1+kv*L35)*N35*M35^O35 -> 9.1613182 | Q35: =xincp/P35+Q34 -> 0.03505398 | R35: =PI()/4*(F35^2-E35^2)*G35 -> 1563938.2 | S35: =R35/1000^3 -> 0.0015639382 | T35: =(vc/1000^3-S35) -> 0.00051245821 | U35: =rhopgrain*R35/1000^2 -> 2.7917079 | V35: =(U34-U35)/(Q35-Q34) -> 0.92659729 | W35: =IF(V35<AI35,IF(AB34>pbd,AI35,0),AI35) -> 0.85590166 | X35: =V35-W35 -> 0.07069563 | Y35: =IF((X35*(Q35-Q34)+Y34)<0,0,X35*(Q35-Q34)+Y34) -> 0.0057382532 | Z35: =Y35/T35 -> 11.197505 | AA35: =Z35*rat*to+patm*1000000 -> 3666170.7 | AB35: =AA35/1000000 -> 3.6661707 | AC35: =AB35-patm -> 3.5651707 | AD35: =AC35*1000000/6895 -> 517.06609 | AI35: =($M35-patm)*1000000*$I35/SQRT(rat*to)*SQRT(k)*(2/(k+1))^((k+1)/2/(k-1)) -> 0.85590166
B36: =1+B35 -> 8 | C36: =xincp+C35 -> 0.23501199 | D36: =(F36-E36)/2 -> 24.264988 | E36: =E35+ci*2*xincp -> 20.470024 | F36: =F35-osi*2*xincp -> 69 | G36: =G35-ei*n*2*xincp -> 458.1199 | H36: =PI()/4*(dto+erate*(two-D36)/two)^2 -> 221.47276 | I36: =H36/1000^2 -> 0.00022147276 | J36: =PI()/4*dc^2-PI()/4*(F36^2-E36^2) -> 1007.683 | K36: =J36/H36 -> 4.5499187 | L36: =IF((gstar-K36)<0,0,gstar-K36) -> 1.4500813 | M36: =AB35 -> 3.6661707 | N36: =IF(fueltype=1,VLOOKUP($M36,kndxbn_,4),IF(fueltype=2,VLOOKUP($M36,knsobn_,4),IF(fueltype=3,VLOOKUP($M36,knsbcobn_,4),IF(fueltype=4,VLOOKUP($M36,knsubn_,4),IF(fueltype=5,am_1,IF(fueltype=6,am_0,IF(fueltype=7,am_3,am_4))))))) -> 3.8408799 | O36: =IF(fueltype=1,VLOOKUP($M36,kndxbn_,5),IF(fueltype=2,VLOOKUP($M36,knsobn_,5),IF(fueltype=3,VLOOKUP($M36,knsbcobn_,5),IF(fueltype=4,VLOOKUP($M36,knsubn_,5),IF(fueltype=5,nm_1,IF(fueltype=6,an_0,IF(fueltype=7,nm_3,nm_4))))))) -> 0.6882 | P36: =(1+kv*L36)*N36*M36^O36 -> 9.3912174 | Q36: =xincp/P36+Q35 -> 0.038182063 | R36: =PI()/4*(F36^2-E36^2)*G36 -> 1562272.1 | S36: =R36/1000^3 -> 0.0015622721 | T36: =(vc/1000^3-S36) -> 0.00051412431 | U36: =rhopgrain*R36/1000^2 -> 2.7887338 | V36: =(U35-U36)/(Q36-Q35) -> 0.95076283 | W36: =IF(V36<AI36,IF(AB35>pbd,AI36,0),AI36) -> 0.88821063 | X36: =V36-W36 -> 0.0625522 | Y36: =IF((X36*(Q36-Q35)+Y35)<0,0,X36*(Q36-Q35)+Y35) -> 0.0059339217 | Z36: =Y36/T36 -> 11.541803 | AA36: =Z36*rat*to+patm*1000000 -> 3775791.8 | AB36: =AA36/1000000 -> 3.7757918 | AC36: =AB36-patm -> 3.6747918 | AD36: =AC36*1000000/6895 -> 532.96473 | AI36: =($M36-patm)*1000000*$I36/SQRT(rat*to)*SQRT(k)*(2/(k+1))^((k+1)/2/(k-1)) -> 0.88821063
B37: =1+B36 -> 9 | C37: =xincp+C36 -> 0.26438849 | D37: =(F37-E37)/2 -> 24.235612 | E37: =E36+ci*2*xincp -> 20.528777 | F37: =F36-osi*2*xincp -> 69 | G37: =G36-ei*n*2*xincp -> 457.88489 | H37: =PI()/4*(dto+erate*(two-D37)/two)^2 -> 221.47276 | I37: =H37/1000^2 -> 0.00022147276 | J37: =PI()/4*dc^2-PI()/4*(F37^2-E37^2) -> 1009.5749 | K37: =J37/H37 -> 4.5584609 | L37: =IF((gstar-K37)<0,0,gstar-K37) -> 1.4415391 | M37: =AB36 -> 3.7757918 | N37: =IF(fueltype=1,VLOOKUP($M37,kndxbn_,4),IF(fueltype=2,VLOOKUP($M37,knsobn_,4),IF(fueltype=3,VLOOKUP($M37,knsbcobn_,4),IF(fueltype=4,VLOOKUP($M37,knsubn_,4),IF(fueltype=5,am_1,IF(fueltype=6,am_0,IF(fueltype=7,am_3,am_4))))))) -> 3.8408799 | O37: =IF(fueltype=1,VLOOKUP($M37,kndxbn_,5),IF(fueltype=2,VLOOKUP($M37,knsobn_,5),IF(fueltype=3,VLOOKUP($M37,knsbcobn_,5),IF(fueltype=4,VLOOKUP($M37,knsubn_,5),IF(fueltype=5,nm_1,IF(fueltype=6,an_0,IF(fueltype=7,nm_3,nm_4))))))) -> 0.6882 | P37: =(1+kv*L37)*N37*M37^O37 -> 9.5835776 | Q37: =xincp/P37+Q36 -> 0.041247358 | R37: =PI()/4*(F37^2-E37^2)*G37 -> 1560604.4 | S37: =R37/1000^3 -> 0.0015606044 | T37: =(vc/1000^3-S37) -> 0.000515792 | U37: =rhopgrain*R37/1000^2 -> 2.7857569 | V37: =(U36-U37)/(Q37-Q36) -> 0.97116677 | W37: =IF(V37<AI37,IF(AB36>pbd,AI37,0),AI37) -> 0.91552115 | X37: =V37-W37 -> 0.055645612 | Y37: =IF((X37*(Q37-Q36)+Y36)<0,0,X37*(Q37-Q36)+Y36) -> 0.0061044919 | Z37: =Y37/T37 -> 11.835181 | AA37: =Z37*rat*to+patm*1000000 -> 3869200.4 | AB37: =AA37/1000000 -> 3.8692004 | AC37: =AB37-patm -> 3.7682004 | AD37: =AC37*1000000/6895 -> 546.51202 | AI37: =($M37-patm)*1000000*$I37/SQRT(rat*to)*SQRT(k)*(2/(k+1))^((k+1)/2/(k-1)) -> 0.91552115
B38: =1+B37 -> 10 | C38: =xincp+C37 -> 0.29376499 | D38: =(F38-E38)/2 -> 24.206235 | E38: =E37+ci*2*xincp -> 20.58753 | F38: =F37-osi*2*xincp -> 69 | G38: =G37-ei*n*2*xincp -> 457.64988 | H38: =PI()/4*(dto+erate*(two-D38)/two)^2 -> 221.47276 | I38: =H38/1000^2 -> 0.00022147276 | J38: =PI()/4*dc^2-PI()/4*(F38^2-E38^2) -> 1011.4722 | K38: =J38/H38 -> 4.5670276 | L38: =IF((gstar-K38)<0,0,gstar-K38) -> 1.4329724 | M38: =AB37 -> 3.8692004 | N38: =IF(fueltype=1,VLOOKUP($M38,kndxbn_,4),IF(fueltype=2,VLOOKUP($M38,knsobn_,4),IF(fueltype=3,VLOOKUP($M38,knsbcobn_,4),IF(fueltype=4,VLOOKUP($M38,knsubn_,4),IF(fueltype=5,am_1,IF(fueltype=6,am_0,IF(fueltype=7,am_3,am_4))))))) -> 3.8408799 | O38: =IF(fueltype=1,VLOOKUP($M38,kndxbn_,5),IF(fueltype=2,VLOOKUP($M38,knsobn_,5),IF(fueltype=3,VLOOKUP($M38,knsbcobn_,5),IF(fueltype=4,VLOOKUP($M38,knsubn_,5),IF(fueltype=5,nm_1,IF(fueltype=6,an_0,IF(fueltype=7,nm_3,nm_4))))))) -> 0.6882 | P38: =(1+kv*L38)*N38*M38^O38 -> 9.7461178 | Q38: =xincp/P38+Q37 -> 0.044261533 | R38: =PI()/4*(F38^2-E38^2)*G38 -> 1558935.1 | S38: =R38/1000^3 -> 0.0015589351 | T38: =(vc/1000^3-S38) -> 0.00051746128 | U38: =rhopgrain*R38/1000^2 -> 2.7827771 | V38: =(U37-U38)/(Q38-Q37) -> 0.988581 | W38: =IF(V38<AI38,IF(AB37>pbd,AI38,0),AI38) -> 0.93879255 | X38: =V38-W38 -> 0.049788453 | Y38: =IF((X38*(Q38-Q37)+Y37)<0,0,X38*(Q38-Q37)+Y37) -> 0.006254563 | Z38: =Y38/T38 -> 12.087016 | AA38: =Z38*rat*to+patm*1000000 -> 3949382 | AB38: =AA38/1000000 -> 3.949382 | AC38: =AB38-patm -> 3.848382 | AD38: =AC38*1000000/6895 -> 558.14098 | AI38: =($M38-patm)*1000000*$I38/SQRT(rat*to)*SQRT(k)*(2/(k+1))^((k+1)/2/(k-1)) -> 0.93879255
B39: =1+B38 -> 11 | C39: =xincp+C38 -> 0.32314149 | D39: =(F39-E39)/2 -> 24.176859 | E39: =E38+ci*2*xincp -> 20.646283 | F39: =F38-osi*2*xincp -> 69 | G39: =G38-ei*n*2*xincp -> 457.41487 | H39: =PI()/4*(dto+erate*(two-D39)/two)^2 -> 221.47276 | I39: =H39/1000^2 -> 0.00022147276 | J39: =PI()/4*dc^2-PI()/4*(F39^2-E39^2) -> 1013.3749 | K39: =J39/H39 -> 4.5756188 | L39: =IF((gstar-K39)<0,0,gstar-K39) -> 1.4243812 | M39: =AB38 -> 3.949382 | N39: =IF(fueltype=1,VLOOKUP($M39,kndxbn_,4),IF(fueltype=2,VLOOKUP($M39,knsobn_,4),IF(fueltype=3,VLOOKUP($M39,knsbcobn_,4),IF(fueltype=4,VLOOKUP($M39,knsubn_,4),IF(fueltype=5,am_1,IF(fueltype=6,am_0,IF(fueltype=7,am_3,am_4))))))) -> 3.8408799 | O39: =IF(fueltype=1,VLOOKUP($M39,kndxbn_,5),IF(fueltype=2,VLOOKUP($M39,knsobn_,5),IF(fueltype=3,VLOOKUP($M39,knsbcobn_,5),IF(fueltype=4,VLOOKUP($M39,knsubn_,5),IF(fueltype=5,nm_1,IF(fueltype=6,an_0,IF(fueltype=7,nm_3,nm_4))))))) -> 0.6882 | P39: =(1+kv*L39)*N39*M39^O39 -> 9.884668 | Q39: =xincp/P39+Q38 -> 0.047233458 | R39: =PI()/4*(F39^2-E39^2)*G39 -> 1557264.2 | S39: =R39/1000^3 -> 0.0015572642 | T39: =(vc/1000^3-S39) -> 0.00051913216 | U39: =rhopgrain*R39/1000^2 -> 2.7797945 | V39: =(U38-U39)/(Q39-Q38) -> 1.0035887 | W39: =IF(V39<AI39,IF(AB38>pbd,AI39,0),AI39) -> 0.95876864 | X39: =V39-W39 -> 0.044820049 | Y39: =IF((X39*(Q39-Q38)+Y38)<0,0,X39*(Q39-Q38)+Y38) -> 0.0063877648 | Z39: =Y39/T39 -> 12.304699 | AA39: =Z39*rat*to+patm*1000000 -> 4018689.9 | AB39: =AA39/1000000 -> 4.0186899 | AC39: =AB39-patm -> 3.9176899 | AD39: =AC39*1000000/6895 -> 568.19288 | AI39: =($M39-patm)*1000000*$I39/SQRT(rat*to)*SQRT(k)*(2/(k+1))^((k+1)/2/(k-1)) -> 0.95876864
B40: =1+B39 -> 12 | C40: =xincp+C39 -> 0.35251799 | D40: =(F40-E40)/2 -> 24.147482 | E40: =E39+ci*2*xincp -> 20.705036 | F40: =F39-osi*2*xincp -> 69 | G40: =G39-ei*n*2*xincp -> 457.17986 | H40: =PI()/4*(dto+erate*(two-D40)/two)^2 -> 221.47276 | I40: =H40/1000^2 -> 0.00022147276 | J40: =PI()/4*dc^2-PI()/4*(F40^2-E40^2) -> 1015.283 | K40: =J40/H40 -> 4.5842345 | L40: =IF((gstar-K40)<0,0,gstar-K40) -> 1.4157655 | M40: =AB39 -> 4.0186899 | N40: =IF(fueltype=1,VLOOKUP($M40,kndxbn_,4),IF(fueltype=2,VLOOKUP($M40,knsobn_,4),IF(fueltype=3,VLOOKUP($M40,knsbcobn_,4),IF(fueltype=4,VLOOKUP($M40,knsubn_,4),IF(fueltype=5,am_1,IF(fueltype=6,am_0,IF(fueltype=7,am_3,am_4))))))) -> 3.8408799 | O40: =IF(fueltype=1,VLOOKUP($M40,kndxbn_,5),IF(fueltype=2,VLOOKUP($M40,knsobn_,5),IF(fueltype=3,VLOOKUP($M40,knsbcobn_,5),IF(fueltype=4,VLOOKUP($M40,knsubn_,5),IF(fueltype=5,nm_1,IF(fueltype=6,an_0,IF(fueltype=7,nm_3,nm_4))))))) -> 0.6882 | P40: =(1+kv*L40)*N40*M40^O40 -> 10.003724 | Q40: =xincp/P40+Q39 -> 0.050170015 | R40: =PI()/4*(F40^2-E40^2)*G40 -> 1555591.8 | S40: =R40/1000^3 -> 0.0015555918 | T40: =(vc/1000^3-S40) -> 0.00052080461 | U40: =rhopgrain*R40/1000^2 -> 2.7768091 | V40: =(U39-U40)/(Q40-Q39) -> 1.0166396 | W40: =IF(V40<AI40,IF(AB39>pbd,AI40,0),AI40) -> 0.9760357 | X40: =V40-W40 -> 0.040603929 | Y40: =IF((X40*(Q40-Q39)+Y39)<0,0,X40*(Q40-Q39)+Y39) -> 0.0065070006 | Z40: =Y40/T40 -> 12.49413 | AA40: =Z40*rat*to+patm*1000000 -> 4079002.9 | AB40: =AA40/1000000 -> 4.0790029 | AC40: =AB40-patm -> 3.9780029 | AD40: =AC40*1000000/6895 -> 576.94023 | AI40: =($M40-patm)*1000000*$I40/SQRT(rat*to)*SQRT(k)*(2/(k+1))^((k+1)/2/(k-1)) -> 0.9760357
... B862: =1+B861 -> 834 | C862: =xincp+C861 -> 24.5 | D862: =(F862-E862)/2 -> 1.8189894e-12 | E862: =E861+ci*2*xincp -> 69 | F862: =F861-osi*2*xincp -> 69 | G862: =G861-ei*n*2*xincp -> 264 | H862: =PI()/4*(dto+erate*(two-D862)/two)^2 -> 221.47276 | I862: =H862/1000^2 -> 0.00022147276 | J862: =PI()/4*dc^2-PI()/4*(F862^2-E862^2) -> 4417.8647 | K862: =J862/H862 -> 19.947666 | L862: =IF((gstar-K862)<0,0,gstar-K862) -> 0 | M862: =AB861 -> 4.8663105 | N862: =IF(fueltype=1,VLOOKUP($M862,kndxbn_,4),IF(fueltype=2,VLOOKUP($M862,knsobn_,4),IF(fueltype=3,VLOOKUP($M862,knsbcobn_,4),IF(fueltype=4,VLOOKUP($M862,knsubn_,4),IF(fueltype=5,am_1,IF(fueltype=6,am_0,IF(fueltype=7,am_3,am_4))))))) -> 3.8408799 | O862: =IF(fueltype=1,VLOOKUP($M862,kndxbn_,5),IF(fueltype=2,VLOOKUP($M862,knsobn_,5),IF(fueltype=3,VLOOKUP($M862,knsbcobn_,5),IF(fueltype=4,VLOOKUP($M862,knsubn_,5),IF(fueltype=5,nm_1,IF(fueltype=6,an_0,IF(fueltype=7,nm_3,nm_4))))))) -> 0.6882 | P862: =(1+kv*L862)*N862*M862^O862 -> 11.411997 | Q862: =xincp/P862+Q861 -> 1.9422242 | R862: =PI()/4*(F862^2-E862^2)*G862 -> 1.0409576e-07 | S862: =R862/1000^3 -> 1.0409576e-16 | T862: =(vc/1000^3-S862) -> 0.0020763964 | U862: =rhopgrain*R862/1000^2 -> 1.8581614e-13 | V862: =(U861-U862)/(Q862-Q861) -> 1.1663165 | W862: =IF(V862<AI862,IF(AB861>pbd,AI862,0),AI862) -> 1.1872081 | X862: =V862-W862 -> -0.0208916 | Y862: =IF((X862*(Q862-Q861)+Y861)<0,0,X862*(Q862-Q861)+Y861) -> 0.030998285 | Z862: =Y862/T862 -> 14.928886 | AA862: =Z862*rat*to+patm*1000000 -> 4854204.2 | AB862: =AA862/1000000 -> 4.8542042 | AC862: =AB862-patm -> 4.7532042 | AD862: =AC862*1000000/6895 -> 689.36972 | AI862: =($M862-patm)*1000000*$I862/SQRT(rat*to)*SQRT(k)*(2/(k+1))^((k+1)/2/(k-1)) -> 1.1872081
P863: =AVERAGE(P28:P862) -> 12.719867 | Q863: =Q862+tbinc -> 1.9439907 | AB863: =pbout*EXP(-rat*to*astarf*(Q863-tbout)/vc*1000000000/cstar) -> 4.5374274 | AC863: =AB863-patm -> 4.4364274 | AD863: =AC863*1000000/6895 -> 643.42674 | AI863: =($M863-patm)*1000000*$I863/SQRT(rat*to)*SQRT(k)*(2/(k+1))^((k+1)/2/(k-1)) -> 0
C864: twebo -twebf = | D864: =two-twebout -> 24.5 | Q864: =Q863+tbinc -> 1.9457572 | AB864: =pbout*EXP(-rat*to*astarf*(Q864-tbout)/vc*1000000000/cstar) -> 4.2413228 | AC864: =AB864-patm -> 4.1403228 | AD864: =AC864*1000000/6895 -> 600.48192 | AI864: =($M864-patm)*1000000*$I864/SQRT(rat*to)*SQRT(k)*(2/(k+1))^((k+1)/2/(k-1)) -> 0
D865: =two -> 24.5 | Q865: =Q864+tbinc -> 1.9475238 | AB865: =pbout*EXP(-rat*to*astarf*(Q865-tbout)/vc*1000000000/cstar) -> 3.9645415 | AC865: =AB865-patm -> 3.8635415 | AD865: =AC865*1000000/6895 -> 560.3396 | AI865: =($M865-patm)*1000000*$I865/SQRT(rat*to)*SQRT(k)*(2/(k+1))^((k+1)/2/(k-1)) -> 0
Q866: =Q865+tbinc -> 1.9492903 | AB866: =pbout*EXP(-rat*to*astarf*(Q866-tbout)/vc*1000000000/cstar) -> 3.7058225 | AC866: =AB866-patm -> 3.6048225 | AD866: =AC866*1000000/6895 -> 522.8169 | AI866: =($M866-patm)*1000000*$I866/SQRT(rat*to)*SQRT(k)*(2/(k+1))^((k+1)/2/(k-1)) -> 0
Q867: =Q866+tbinc -> 1.9510568 | AB867: =pbout*EXP(-rat*to*astarf*(Q867-tbout)/vc*1000000000/cstar) -> 3.463987 | AC867: =AB867-patm -> 3.362987 | AD867: =AC867*1000000/6895 -> 487.74286 | AI867: =($M867-patm)*1000000*$I867/SQRT(rat*to)*SQRT(k)*(2/(k+1))^((k+1)/2/(k-1)) -> 0
Q868: =Q867+tbinc -> 1.9528234 | AB868: =pbout*EXP(-rat*to*astarf*(Q868-tbout)/vc*1000000000/cstar) -> 3.2379333 | AC868: =AB868-patm -> 3.1369333 | AD868: =AC868*1000000/6895 -> 454.9577 | AI868: =($M868-patm)*1000000*$I868/SQRT(rat*to)*SQRT(k)*(2/(k+1))^((k+1)/2/(k-1)) -> 0
Q869: =Q868+tbinc -> 1.9545899 | AB869: =pbout*EXP(-rat*to*astarf*(Q869-tbout)/vc*1000000000/cstar) -> 3.0266315 | AC869: =AB869-patm -> 2.9256315 | AD869: =AC869*1000000/6895 -> 424.31204 | AI869: =($M869-patm)*1000000*$I869/SQRT(rat*to)*SQRT(k)*(2/(k+1))^((k+1)/2/(k-1)) -> 0
Q870: =Q869+tbinc -> 1.9563565 | AB870: =pbout*EXP(-rat*to*astarf*(Q870-tbout)/vc*1000000000/cstar) -> 2.8291188 | AC870: =AB870-patm -> 2.7281188 | AD870: =AC870*1000000/6895 -> 395.66625 | AI870: =($M870-patm)*1000000*$I870/SQRT(rat*to)*SQRT(k)*(2/(k+1))^((k+1)/2/(k-1)) -> 0
Q871: =Q870+tbinc -> 1.958123 | AB871: =pbout*EXP(-rat*to*astarf*(Q871-tbout)/vc*1000000000/cstar) -> 2.6444955 | AC871: =AB871-patm -> 2.5434955 | AD871: =AC871*1000000/6895 -> 368.88985 | AI871: =($M871-patm)*1000000*$I871/SQRT(rat*to)*SQRT(k)*(2/(k+1))^((k+1)/2/(k-1)) -> 0
Q872: =Q871+tbinc -> 1.9598895 | AB872: =pbout*EXP(-rat*to*astarf*(Q872-tbout)/vc*1000000000/cstar) -> 2.4719204 | AC872: =AB872-patm -> 2.3709204 | AD872: =AC872*1000000/6895 -> 343.86082 | AI872: =($M872-patm)*1000000*$I872/SQRT(rat*to)*SQRT(k)*(2/(k+1))^((k+1)/2/(k-1)) -> 0
Q873: =Q872+tbinc -> 1.9616561 | AB873: =pbout*EXP(-rat*to*astarf*(Q873-tbout)/vc*1000000000/cstar) -> 2.3106072 | AC873: =AB873-patm -> 2.2096072 | AD873: =AC873*1000000/6895 -> 320.46515 | AI873: =($M873-patm)*1000000*$I873/SQRT(rat*to)*SQRT(k)*(2/(k+1))^((k+1)/2/(k-1)) -> 0
Q874: =Q873+tbinc -> 1.9634226 | AB874: =pbout*EXP(-rat*to*astarf*(Q874-tbout)/vc*1000000000/cstar) -> 2.159821 | AC874: =AB874-patm -> 2.058821 | AD874: =AC874*1000000/6895 -> 298.59623 | AI874: =($M874-patm)*1000000*$I874/SQRT(rat*to)*SQRT(k)*(2/(k+1))^((k+1)/2/(k-1)) -> 0
Q875: =Q874+tbinc -> 1.9651891 | AB875: =pbout*EXP(-rat*to*astarf*(Q875-tbout)/vc*1000000000/cstar) -> 2.0188749 | AC875: =AB875-patm -> 1.9178749 | AD875: =AC875*1000000/6895 -> 278.15444 | AI875: =($M875-patm)*1000000*$I875/SQRT(rat*to)*SQRT(k)*(2/(k+1))^((k+1)/2/(k-1)) -> 0
Q876: =Q875+tbinc -> 1.9669557 | AB876: =pbout*EXP(-rat*to*astarf*(Q876-tbout)/vc*1000000000/cstar) -> 1.8871267 | AC876: =AB876-patm -> 1.7861267 | AD876: =AC876*1000000/6895 -> 259.04665 | AI876: =($M876-patm)*1000000*$I876/SQRT(rat*to)*SQRT(k)*(2/(k+1))^((k+1)/2/(k-1)) -> 0
Q877: =Q876+tbinc -> 1.9687222 | AB877: =pbout*EXP(-rat*to*astarf*(Q877-tbout)/vc*1000000000/cstar) -> 1.7639761 | AC877: =AB877-patm -> 1.6629761 | AD877: =AC877*1000000/6895 -> 241.1858 | AI877: =($M877-patm)*1000000*$I877/SQRT(rat*to)*SQRT(k)*(2/(k+1))^((k+1)/2/(k-1)) -> 0
... Q906: =Q905+tbinc -> 2.0199518 | AB906: =pbout*EXP(-rat*to*astarf*(Q906-tbout)/vc*1000000000/cstar) -> 0.24920133 | AC906: =AB906-patm -> 0.14820133 | AD906: =AC906*1000000/6895 -> 21.494028 | AI906: =($M906-patm)*1000000*$I906/SQRT(rat*to)*SQRT(k)*(2/(k+1))^((k+1)/2/(k-1)) -> 0
Q907: =Q906+tbinc -> 2.0217183 | Z907: Percent of Pmax: | AA907: 0.02 | AB907: =pbout*EXP(-rat*to*astarf*(Q907-tbout)/vc*1000000000/cstar) -> 0.23293888 | AC907: =AB907-patm -> 0.13193888 | AD907: =AC907*1000000/6895 -> 19.135444 | AI907: =($M907-patm)*1000000*$I907/SQRT(rat*to)*SQRT(k)*(2/(k+1))^((k+1)/2/(k-1)) -> 0
Q908: =Q907+tbinc -> 2.0234849 | Z908: Pfinal = | AA908: =pmaxperc/100*pmax+patm -> 0.10226075 | AB908: =pbout*EXP(-rat*to*astarf*(Q908-tbout)/vc*1000000000/cstar) -> 0.2177377 | AC908: =AB908-patm -> 0.1167377 | AD908: =AC908*1000000/6895 -> 16.930776 | AI908: =($M908-patm)*1000000*$I908/SQRT(rat*to)*SQRT(k)*(2/(k+1))^((k+1)/2/(k-1)) -> 0
O909: tbinc = | P909: =tbinc -> 0.0017665369 | Q909: =Q908+tbinc -> 2.0252514 | Z909: DP = | AA909: =AA908-pfinal+0.101 -> -0.00026777606 | AB909: =pbout*EXP(-rat*to*astarf*(Q909-tbout)/vc*1000000000/cstar) -> 0.20352852 | AC909: =AB909-patm -> 0.10252852 | AD909: =AC909*1000000/6895 -> 14.869981 | AI909: =($M909-patm)*1000000*$I909/SQRT(rat*to)*SQRT(k)*(2/(k+1))^((k+1)/2/(k-1)) -> 0
Q910: =Q909+tbinc -> 2.0270179 | AC910: 0 | AD910: 0

Sheet Performance
B1: Rocket Motor Performance
B3: k | C3: =k -> 1.1308 | E3: Ratio of specific heats, mixture
B4: h noz | C4: 0.85 | D4: =IF(etanoz>1,"Invalid","") | E4: Nozzle efficiency
B5: Ae/At | C5: 8 | E5: Nozzle expansion ratio (initial)
B6: Patm | C6: =patm -> 0.101 | D6: MPa | E6: Ambient pressure
B7: Ato | C7: =at -> 221.47276 | D7: mm2 | E7: Throat cross-section area (initial)
B8: Ae | C8: =exprat*at -> 1771.782 | D8: mm2 | E8: Nozzle exit cross-section area
B9: Meo | C9: 2.9545467 | D9: =exprat-1/me*((1+(k-1)/2*me^2)/(1+(k-1)/2))^((k+1)/2/(k-1)) -> -5.0599682e-06 | E9: Mach No. at nozzle exit (initial)
B10: Mef | C10: 2.9545467 | D10: =expratfinal-1/mef*((1+(k-1)/2*mef^2)/(1+(k-1)/2))^((k+1)/2/(k-1)) -> -5.0599682e-06 | E10: Mach No. at nozzle exit (final)
B11: De | C11: =SQRT(4*aexit/PI()) -> 47.496347 | D11: mm | E11: Nozzle exit diameter
B12: Ae/At opt | C12: =MAX(H28:H909) -> 9.7012504 | E12: Optimum Nozzle expansion ratio at Po max
B13: Ae/At opt | C13: =AVERAGE(H28:H909) -> 8.7850537 | E13: Avg. optimum nozzle expansion ratio
B14: w f | C14: =2*ravg*tbout/do -> 0.71608211 | E14: Web fraction
B15: CFmax | C15: =MAX(I28:I910) -> 1.3874894 | E15: Thrust coefficient, maximum
B16: F max | C16: =MAX(J28:J910) -> 1968.1156 | D16: N. | E16: Maximum thrust
B17: I t | C17: =itsum -> 3501.5343 | D17: N-sec. | E17: Total impulse
B18: Isp | C18: =itsum/9.806/mgrain -> 126.9645 | D18: sec. | E18: Specific impulse, delivered
B19: Class: | C19: =VLOOKUP(itsum,motorclass,2) -> L | E19: Motor classification
J21: F max = | K21: =fmax -> 1968.1156 | L21: N. | O21: F max = | P21: =fmax/4.4482 -> 442.45214 | Q21: lbf
G22: =D9 -> -5.0599682e-06 | J22: F avg = | K22: =itot/tthr -> 1728.9381 | L22: N. | O22: F avg = | P22: =itot/tthr/4.4482 -> 388.68264 | Q22: lbf
J23: t thrust = | K23: =tthr -> 2.0252514 | L23: sec. | O23: t thrust = | P23: =tthr -> 2.0252514 | Q23: sec.
C25: =Pressure!AB25 -> Po | D25: A* | E25: At | F25: Ae/At | G25: Pe | H25: Ae/At opt | I25: CF * hnoz | J25: F | K25: F | L25: t | M25: I t | N25: Me
C26: Pa (abs) | D26: m2 | E26: mm2 | G26: Pa (abs) | J26: N. | K26: lbf | L26: sec. | M26: N-sec.
C28: =Pressure!AB28*1000000 -> 101000 | D28: =Pressure!I28 -> 0.00022147276 | E28: =Pressure!H28 -> 221.47276 | F28: =aexit/E28 -> 8 | G28: =IF(C28/(1+(k-1)/2*N28^2)^(k/(k-1))<patm*1000000,patm*1000000,C28/(1+(k-1)/2*N28^2)^(k/(k-1))) -> 101000 | H28: 1 | I28: =etanoz -> 0.85 | J28: 0 | K28: =J28/4.4482 -> 0 | L28: =Pressure!Q28 -> 0 | M28: 0 | N28: =me -> 2.9545467
C29: =Pressure!AB29*1000000 -> 1972660.7 | D29: =Pressure!I29 -> 0.00022147276 | E29: =Pressure!H29 -> 221.47276 | F29: =aexit/E29 -> 8 | G29: =IF(C29/(1+(k-1)/2*N29^2)^(k/(k-1))<patm*1000000,patm*1000000,C29/(1+(k-1)/2*N29^2)^(k/(k-1))) -> 101000 | H29: =1/(((k+1)/2)^(1/(k-1))*(patm*1000000/C29)^(1/k)*SQRT((k+1)/(k-1)*(1-(patm*1000000/C29)^((k-1)/k)))) -> 3.9196066 | I29: =etanoz*SQRT(2*k^2/(k-1)*(2/(k+1))^((k+1)/(k-1))*(1-(G29/C29)^((k-1)/k)))+(G29-patm*1000000)/C29*(aexit/E29) -> 1.210035 | J29: =I29*D29*C29 -> 528.65289 | K29: =J29/4.4482 -> 118.84647 | L29: =Pressure!Q29 -> 0.013690953 | M29: =(J29+J28)/2*(L29-L28) -> 3.6188808 | N29: =N28-1/834*(me-mef) -> 2.9545467
C30: =Pressure!AB30*1000000 -> 2681671.6 | D30: =Pressure!I30 -> 0.00022147276 | E30: =Pressure!H30 -> 221.47276 | F30: =aexit/E30 -> 8 | G30: =IF(C30/(1+(k-1)/2*N30^2)^(k/(k-1))<patm*1000000,patm*1000000,C30/(1+(k-1)/2*N30^2)^(k/(k-1))) -> 101000 | H30: =1/(((k+1)/2)^(1/(k-1))*(patm*1000000/C30)^(1/k)*SQRT((k+1)/(k-1)*(1-(patm*1000000/C30)^((k-1)/k)))) -> 4.9367953 | I30: =etanoz*SQRT(2*k^2/(k-1)*(2/(k+1))^((k+1)/(k-1))*(1-(G30/C30)^((k-1)/k)))+(G30-patm*1000000)/C30*(aexit/E30) -> 1.2604438 | J30: =I30*D30*C30 -> 748.59924 | K30: =J30/4.4482 -> 168.29262 | L30: =Pressure!Q30 -> 0.017603503 | M30: =(J30+J29)/2*(L30-L29) -> 2.4986564 | N30: =N29-1/834*(me-mef) -> 2.9545467
C31: =Pressure!AB31*1000000 -> 2966319.1 | D31: =Pressure!I31 -> 0.00022147276 | E31: =Pressure!H31 -> 221.47276 | F31: =aexit/E31 -> 8 | G31: =IF(C31/(1+(k-1)/2*N31^2)^(k/(k-1))<patm*1000000,patm*1000000,C31/(1+(k-1)/2*N31^2)^(k/(k-1))) -> 101000 | H31: =1/(((k+1)/2)^(1/(k-1))*(patm*1000000/C31)^(1/k)*SQRT((k+1)/(k-1)*(1-(patm*1000000/C31)^((k-1)/k)))) -> 5.3308389 | I31: =etanoz*SQRT(2*k^2/(k-1)*(2/(k+1))^((k+1)/(k-1))*(1-(G31/C31)^((k-1)/k)))+(G31-patm*1000000)/C31*(aexit/E31) -> 1.2761965 | J31: =I31*D31*C31 -> 838.40858 | K31: =J31/4.4482 -> 188.48266 | L31: =Pressure!Q31 -> 0.021482689 | M31: =(J31+J30)/2*(L31-L30) -> 3.0781491 | N31: =N30-1/834*(me-mef) -> 2.9545467
C32: =Pressure!AB32*1000000 -> 3194838.2 | D32: =Pressure!I32 -> 0.00022147276 | E32: =Pressure!H32 -> 221.47276 | F32: =aexit/E32 -> 8 | G32: =IF(C32/(1+(k-1)/2*N32^2)^(k/(k-1))<patm*1000000,patm*1000000,C32/(1+(k-1)/2*N32^2)^(k/(k-1))) -> 101000 | H32: =1/(((k+1)/2)^(1/(k-1))*(patm*1000000/C32)^(1/k)*SQRT((k+1)/(k-1)*(1-(patm*1000000/C32)^((k-1)/k)))) -> 5.6422564 | I32: =etanoz*SQRT(2*k^2/(k-1)*(2/(k+1))^((k+1)/(k-1))*(1-(G32/C32)^((k-1)/k)))+(G32-patm*1000000)/C32*(aexit/E32) -> 1.287547 | J32: =I32*D32*C32 -> 911.02916 | K32: =J32/4.4482 -> 204.8085 | L32: =Pressure!Q32 -> 0.025101692 | M32: =(J32+J31)/2*(L32-L31) -> 3.1656104 | N32: =N31-1/834*(me-mef) -> 2.9545467
C33: =Pressure!AB33*1000000 -> 3381666.5 | D33: =Pressure!I33 -> 0.00022147276 | E33: =Pressure!H33 -> 221.47276 | F33: =aexit/E33 -> 8 | G33: =IF(C33/(1+(k-1)/2*N33^2)^(k/(k-1))<patm*1000000,patm*1000000,C33/(1+(k-1)/2*N33^2)^(k/(k-1))) -> 101000 | H33: =1/(((k+1)/2)^(1/(k-1))*(patm*1000000/C33)^(1/k)*SQRT((k+1)/(k-1)*(1-(patm*1000000/C33)^((k-1)/k)))) -> 5.8938899 | I33: =etanoz*SQRT(2*k^2/(k-1)*(2/(k+1))^((k+1)/(k-1))*(1-(G33/C33)^((k-1)/k)))+(G33-patm*1000000)/C33*(aexit/E33) -> 1.296107 | J33: =I33*D33*C33 -> 970.71542 | K33: =J33/4.4482 -> 218.22657 | L33: =Pressure!Q33 -> 0.028540497 | M33: =(J33+J32)/2*(L33-L32) -> 3.2354767 | N33: =N32-1/834*(me-mef) -> 2.9545467
C34: =Pressure!AB34*1000000 -> 3536486.3 | D34: =Pressure!I34 -> 0.00022147276 | E34: =Pressure!H34 -> 221.47276 | F34: =aexit/E34 -> 8 | G34: =IF(C34/(1+(k-1)/2*N34^2)^(k/(k-1))<patm*1000000,patm*1000000,C34/(1+(k-1)/2*N34^2)^(k/(k-1))) -> 101000 | H34: =1/(((k+1)/2)^(1/(k-1))*(patm*1000000/C34)^(1/k)*SQRT((k+1)/(k-1)*(1-(patm*1000000/C34)^((k-1)/k)))) -> 6.100527 | I34: =etanoz*SQRT(2*k^2/(k-1)*(2/(k+1))^((k+1)/(k-1))*(1-(G34/C34)^((k-1)/k)))+(G34-patm*1000000)/C34*(aexit/E34) -> 1.3027706 | J34: =I34*D34*C34 -> 1020.376 | K34: =J34/4.4482 -> 229.39077 | L34: =Pressure!Q34 -> 0.031847401 | M34: =(J34+J33)/2*(L34-L33) -> 3.2921736 | N34: =N33-1/834*(me-mef) -> 2.9545467
C35: =Pressure!AB35*1000000 -> 3666170.7 | D35: =Pressure!I35 -> 0.00022147276 | E35: =Pressure!H35 -> 221.47276 | F35: =aexit/E35 -> 8 | G35: =IF(C35/(1+(k-1)/2*N35^2)^(k/(k-1))<patm*1000000,patm*1000000,C35/(1+(k-1)/2*N35^2)^(k/(k-1))) -> 101000 | H35: =1/(((k+1)/2)^(1/(k-1))*(patm*1000000/C35)^(1/k)*SQRT((k+1)/(k-1)*(1-(patm*1000000/C35)^((k-1)/k)))) -> 6.2723722 | I35: =etanoz*SQRT(2*k^2/(k-1)*(2/(k+1))^((k+1)/(k-1))*(1-(G35/C35)^((k-1)/k)))+(G35-patm*1000000)/C35*(aexit/E35) -> 1.3080821 | J35: =I35*D35*C35 -> 1062.1063 | K35: =J35/4.4482 -> 238.77217 | L35: =Pressure!Q35 -> 0.03505398 | M35: =(J35+J34)/2*(L35-L34) -> 3.3388231 | N35: =N34-1/834*(me-mef) -> 2.9545467
C36: =Pressure!AB36*1000000 -> 3775791.8 | D36: =Pressure!I36 -> 0.00022147276 | E36: =Pressure!H36 -> 221.47276 | F36: =aexit/E36 -> 8 | G36: =IF(C36/(1+(k-1)/2*N36^2)^(k/(k-1))<patm*1000000,patm*1000000,C36/(1+(k-1)/2*N36^2)^(k/(k-1))) -> 101000 | H36: =1/(((k+1)/2)^(1/(k-1))*(patm*1000000/C36)^(1/k)*SQRT((k+1)/(k-1)*(1-(patm*1000000/C36)^((k-1)/k)))) -> 6.4167862 | I36: =etanoz*SQRT(2*k^2/(k-1)*(2/(k+1))^((k+1)/(k-1))*(1-(G36/C36)^((k-1)/k)))+(G36-patm*1000000)/C36*(aexit/E36) -> 1.3123951 | J36: =I36*D36*C36 -> 1097.4707 | K36: =J36/4.4482 -> 246.72243 | L36: =Pressure!Q36 -> 0.038182063 | M36: =(J36+J35)/2*(L36-L35) -> 3.3776672 | N36: =N35-1/834*(me-mef) -> 2.9545467
C37: =Pressure!AB37*1000000 -> 3869200.4 | D37: =Pressure!I37 -> 0.00022147276 | E37: =Pressure!H37 -> 221.47276 | F37: =aexit/E37 -> 8 | G37: =IF(C37/(1+(k-1)/2*N37^2)^(k/(k-1))<patm*1000000,patm*1000000,C37/(1+(k-1)/2*N37^2)^(k/(k-1))) -> 101000 | H37: =1/(((k+1)/2)^(1/(k-1))*(patm*1000000/C37)^(1/k)*SQRT((k+1)/(k-1)*(1-(patm*1000000/C37)^((k-1)/k)))) -> 6.5392525 | I37: =etanoz*SQRT(2*k^2/(k-1)*(2/(k+1))^((k+1)/(k-1))*(1-(G37/C37)^((k-1)/k)))+(G37-patm*1000000)/C37*(aexit/E37) -> 1.3159506 | J37: =I37*D37*C37 -> 1127.6677 | K37: =J37/4.4482 -> 253.51101 | L37: =Pressure!Q37 -> 0.041247358 | M37: =(J37+J36)/2*(L37-L36) -> 3.4103536 | N37: =N36-1/834*(me-mef) -> 2.9545467
C38: =Pressure!AB38*1000000 -> 3949382 | D38: =Pressure!I38 -> 0.00022147276 | E38: =Pressure!H38 -> 221.47276 | F38: =aexit/E38 -> 8 | G38: =IF(C38/(1+(k-1)/2*N38^2)^(k/(k-1))<patm*1000000,patm*1000000,C38/(1+(k-1)/2*N38^2)^(k/(k-1))) -> 101000 | H38: =1/(((k+1)/2)^(1/(k-1))*(patm*1000000/C38)^(1/k)*SQRT((k+1)/(k-1)*(1-(patm*1000000/C38)^((k-1)/k)))) -> 6.6439577 | I38: =etanoz*SQRT(2*k^2/(k-1)*(2/(k+1))^((k+1)/(k-1))*(1-(G38/C38)^((k-1)/k)))+(G38-patm*1000000)/C38*(aexit/E38) -> 1.3189198 | J38: =I38*D38*C38 -> 1153.6335 | K38: =J38/4.4482 -> 259.34838 | L38: =Pressure!Q38 -> 0.044261533 | M38: =(J38+J37)/2*(L38-L37) -> 3.4381198 | N38: =N37-1/834*(me-mef) -> 2.9545467
C39: =Pressure!AB39*1000000 -> 4018689.9 | D39: =Pressure!I39 -> 0.00022147276 | E39: =Pressure!H39 -> 221.47276 | F39: =aexit/E39 -> 8 | G39: =IF(C39/(1+(k-1)/2*N39^2)^(k/(k-1))<patm*1000000,patm*1000000,C39/(1+(k-1)/2*N39^2)^(k/(k-1))) -> 101000 | H39: =1/(((k+1)/2)^(1/(k-1))*(patm*1000000/C39)^(1/k)*SQRT((k+1)/(k-1)*(1-(patm*1000000/C39)^((k-1)/k)))) -> 6.7341589 | I39: =etanoz*SQRT(2*k^2/(k-1)*(2/(k+1))^((k+1)/(k-1))*(1-(G39/C39)^((k-1)/k)))+(G39-patm*1000000)/C39*(aexit/E39) -> 1.3214274 | J39: =I39*D39*C39 -> 1176.1105 | K39: =J39/4.4482 -> 264.40144 | L39: =Pressure!Q39 -> 0.047233458 | M39: =(J39+J38)/2*(L39-L38) -> 3.461913 | N39: =N38-1/834*(me-mef) -> 2.9545467
C40: =Pressure!AB40*1000000 -> 4079002.9 | D40: =Pressure!I40 -> 0.00022147276 | E40: =Pressure!H40 -> 221.47276 | F40: =aexit/E40 -> 8 | G40: =IF(C40/(1+(k-1)/2*N40^2)^(k/(k-1))<patm*1000000,patm*1000000,C40/(1+(k-1)/2*N40^2)^(k/(k-1))) -> 101000 | H40: =1/(((k+1)/2)^(1/(k-1))*(patm*1000000/C40)^(1/k)*SQRT((k+1)/(k-1)*(1-(patm*1000000/C40)^((k-1)/k)))) -> 6.8124287 | I40: =etanoz*SQRT(2*k^2/(k-1)*(2/(k+1))^((k+1)/(k-1))*(1-(G40/C40)^((k-1)/k)))+(G40-patm*1000000)/C40*(aexit/E40) -> 1.3235669 | J40: =I40*D40*C40 -> 1195.6944 | K40: =J40/4.4482 -> 268.80411 | L40: =Pressure!Q40 -> 0.050170015 | M40: =(J40+J39)/2*(L40-L39) -> 3.4824695 | N40: =N39-1/834*(me-mef) -> 2.9545467
... C862: =Pressure!AB862*1000000 -> 4854204.2 | D862: =Pressure!I862 -> 0.00022147276 | E862: =Pressure!H862 -> 221.47276 | F862: =aexit/E862 -> 8 | G862: =IF(C862/(1+(k-1)/2*N862^2)^(k/(k-1))<patm*1000000,patm*1000000,C862/(1+(k-1)/2*N862^2)^(k/(k-1))) -> 101000 | H862: =1/(((k+1)/2)^(1/(k-1))*(patm*1000000/C862)^(1/k)*SQRT((k+1)/(k-1)*(1-(patm*1000000/C862)^((k-1)/k)))) -> 7.8013387 | I862: =etanoz*SQRT(2*k^2/(k-1)*(2/(k+1))^((k+1)/(k-1))*(1-(G862/C862)^((k-1)/k)))+(G862-patm*1000000)/C862*(aexit/E862) -> 1.3480383 | J862: =I862*D862*C862 -> 1449.2409 | K862: =J862/4.4482 -> 325.8039 | L862: =Pressure!Q862 -> 1.9422242 | M862: =(J862+J861)/2*(L862-L861) -> 3.7357311 | N862: =N861-1/834*(me-mef) -> 2.9545467
C863: =Pressure!AB863*1000000 -> 4537427.4 | D863: =astarf -> 0.00022147276 | E863: =atfinal -> 221.47276 | G863: =IF(C863/(1+(k-1)/2*mef^2)^(k/(k-1))<patm*1000000,patm*1000000,C863/(1+(k-1)/2*mef^2)^(k/(k-1))) -> 101000 | H863: =1/(((k+1)/2)^(1/(k-1))*(patm*1000000/C863)^(1/k)*SQRT((k+1)/(k-1)*(1-(patm*1000000/C863)^((k-1)/k)))) -> 7.400881 | I863: =etanoz*SQRT(2*k^2/(k-1)*(2/(k+1))^((k+1)/(k-1))*(1-(G863/C863)^((k-1)/k)))+(G863-patm*1000000)/C863*(aexit/E863) -> 1.3386582 | J863: =I863*D863*C863 -> 1345.2398 | K863: =J863/4.4482 -> 302.4234 | L863: =Pressure!Q863 -> 1.9439907 | M863: =(J863+J862)/2*(L863-L862) -> 2.4682766
C864: =Pressure!AB864*1000000 -> 4241322.8 | D864: =astarf -> 0.00022147276 | E864: =atfinal -> 221.47276 | G864: =IF(C864/(1+(k-1)/2*mef^2)^(k/(k-1))<patm*1000000,patm*1000000,C864/(1+(k-1)/2*mef^2)^(k/(k-1))) -> 101000 | H864: =1/(((k+1)/2)^(1/(k-1))*(patm*1000000/C864)^(1/k)*SQRT((k+1)/(k-1)*(1-(patm*1000000/C864)^((k-1)/k)))) -> 7.0220664 | I864: =etanoz*SQRT(2*k^2/(k-1)*(2/(k+1))^((k+1)/(k-1))*(1-(G864/C864)^((k-1)/k)))+(G864-patm*1000000)/C864*(aexit/E864) -> 1.3291376 | J864: =I864*D864*C864 -> 1248.5087 | K864: =J864/4.4482 -> 280.67729 | L864: =Pressure!Q864 -> 1.9457572 | M864: =(J864+J863)/2*(L864-L863) -> 2.2909762
C865: =Pressure!AB865*1000000 -> 3964541.5 | D865: =astarf -> 0.00022147276 | E865: =atfinal -> 221.47276 | G865: =IF(C865/(1+(k-1)/2*mef^2)^(k/(k-1))<patm*1000000,patm*1000000,C865/(1+(k-1)/2*mef^2)^(k/(k-1))) -> 101000 | H865: =1/(((k+1)/2)^(1/(k-1))*(patm*1000000/C865)^(1/k)*SQRT((k+1)/(k-1)*(1-(patm*1000000/C865)^((k-1)/k)))) -> 6.663711 | I865: =etanoz*SQRT(2*k^2/(k-1)*(2/(k+1))^((k+1)/(k-1))*(1-(G865/C865)^((k-1)/k)))+(G865-patm*1000000)/C865*(aexit/E865) -> 1.3194729 | J865: =I865*D865*C865 -> 1158.5472 | K865: =J865/4.4482 -> 260.45305 | L865: =Pressure!Q865 -> 1.9475238 | M865: =(J865+J864)/2*(L865-L864) -> 2.1260766
C866: =Pressure!AB866*1000000 -> 3705822.5 | D866: =astarf -> 0.00022147276 | E866: =atfinal -> 221.47276 | G866: =IF(C866/(1+(k-1)/2*mef^2)^(k/(k-1))<patm*1000000,patm*1000000,C866/(1+(k-1)/2*mef^2)^(k/(k-1))) -> 101000 | H866: =1/(((k+1)/2)^(1/(k-1))*(patm*1000000/C866)^(1/k)*SQRT((k+1)/(k-1)*(1-(patm*1000000/C866)^((k-1)/k)))) -> 6.3246969 | I866: =etanoz*SQRT(2*k^2/(k-1)*(2/(k+1))^((k+1)/(k-1))*(1-(G866/C866)^((k-1)/k)))+(G866-patm*1000000)/C866*(aexit/E866) -> 1.3096603 | J866: =I866*D866*C866 -> 1074.8889 | K866: =J866/4.4482 -> 241.64581 | L866: =Pressure!Q866 -> 1.9492903 | M866: =(J866+J865)/2*(L866-L865) -> 1.9727237
C867: =Pressure!AB867*1000000 -> 3463987 | D867: =astarf -> 0.00022147276 | E867: =atfinal -> 221.47276 | G867: =IF(C867/(1+(k-1)/2*mef^2)^(k/(k-1))<patm*1000000,patm*1000000,C867/(1+(k-1)/2*mef^2)^(k/(k-1))) -> 101000 | H867: =1/(((k+1)/2)^(1/(k-1))*(patm*1000000/C867)^(1/k)*SQRT((k+1)/(k-1)*(1-(patm*1000000/C867)^((k-1)/k)))) -> 6.0039685 | I867: =etanoz*SQRT(2*k^2/(k-1)*(2/(k+1))^((k+1)/(k-1))*(1-(G867/C867)^((k-1)/k)))+(G867-patm*1000000)/C867*(aexit/E867) -> 1.2996958 | J867: =I867*D867*C867 -> 997.099 | K867: =J867/4.4482 -> 224.15786 | L867: =Pressure!Q867 -> 1.9510568 | M867: =(J867+J866)/2*(L867-L866) -> 1.8301215
C868: =Pressure!AB868*1000000 -> 3237933.3 | D868: =astarf -> 0.00022147276 | E868: =atfinal -> 221.47276 | G868: =IF(C868/(1+(k-1)/2*mef^2)^(k/(k-1))<patm*1000000,patm*1000000,C868/(1+(k-1)/2*mef^2)^(k/(k-1))) -> 101000 | H868: =1/(((k+1)/2)^(1/(k-1))*(patm*1000000/C868)^(1/k)*SQRT((k+1)/(k-1)*(1-(patm*1000000/C868)^((k-1)/k)))) -> 5.7005289 | I868: =etanoz*SQRT(2*k^2/(k-1)*(2/(k+1))^((k+1)/(k-1))*(1-(G868/C868)^((k-1)/k)))+(G868-patm*1000000)/C868*(aexit/E868) -> 1.2895753 | J868: =I868*D868*C868 -> 924.77255 | K868: =J868/4.4482 -> 207.89815 | L868: =Pressure!Q868 -> 1.9528234 | M868: =(J868+J867)/2*(L868-L867) -> 1.6975285
C869: =Pressure!AB869*1000000 -> 3026631.5 | D869: =astarf -> 0.00022147276 | E869: =atfinal -> 221.47276 | G869: =IF(C869/(1+(k-1)/2*mef^2)^(k/(k-1))<patm*1000000,patm*1000000,C869/(1+(k-1)/2*mef^2)^(k/(k-1))) -> 101000 | H869: =1/(((k+1)/2)^(1/(k-1))*(patm*1000000/C869)^(1/k)*SQRT((k+1)/(k-1)*(1-(patm*1000000/C869)^((k-1)/k)))) -> 5.4134367 | I869: =etanoz*SQRT(2*k^2/(k-1)*(2/(k+1))^((k+1)/(k-1))*(1-(G869/C869)^((k-1)/k)))+(G869-patm*1000000)/C869*(aexit/E869) -> 1.2792946 | J869: =I869*D869*C869 -> 857.53216 | K869: =J869/4.4482 -> 192.78183 | L869: =Pressure!Q869 -> 1.9545899 | M869: =(J869+J868)/2*(L869-L868) -> 1.5742535
C870: =Pressure!AB870*1000000 -> 2829118.8 | D870: =astarf -> 0.00022147276 | E870: =atfinal -> 221.47276 | G870: =IF(C870/(1+(k-1)/2*mef^2)^(k/(k-1))<patm*1000000,patm*1000000,C870/(1+(k-1)/2*mef^2)^(k/(k-1))) -> 101000 | H870: =1/(((k+1)/2)^(1/(k-1))*(patm*1000000/C870)^(1/k)*SQRT((k+1)/(k-1)*(1-(patm*1000000/C870)^((k-1)/k)))) -> 5.1418031 | I870: =etanoz*SQRT(2*k^2/(k-1)*(2/(k+1))^((k+1)/(k-1))*(1-(G870/C870)^((k-1)/k)))+(G870-patm*1000000)/C870*(aexit/E870) -> 1.268849 | J870: =I870*D870*C870 -> 795.02618 | K870: =J870/4.4482 -> 178.72986 | L870: =Pressure!Q870 -> 1.9563565 | M870: =(J870+J869)/2*(L870-L869) -> 1.4596526
C871: =Pressure!AB871*1000000 -> 2644495.5 | D871: =astarf -> 0.00022147276 | E871: =atfinal -> 221.47276 | G871: =IF(C871/(1+(k-1)/2*mef^2)^(k/(k-1))<patm*1000000,patm*1000000,C871/(1+(k-1)/2*mef^2)^(k/(k-1))) -> 101000 | H871: =1/(((k+1)/2)^(1/(k-1))*(patm*1000000/C871)^(1/k)*SQRT((k+1)/(k-1)*(1-(patm*1000000/C871)^((k-1)/k)))) -> 4.8847888 | I871: =etanoz*SQRT(2*k^2/(k-1)*(2/(k+1))^((k+1)/(k-1))*(1-(G871/C871)^((k-1)/k)))+(G871-patm*1000000)/C871*(aexit/E871) -> 1.2582338 | J871: =I871*D871*C871 -> 736.92701 | K871: =J871/4.4482 -> 165.66859 | L871: =Pressure!Q871 -> 1.958123 | M871: =(J871+J870)/2*(L871-L870) -> 1.3531259
C872: =Pressure!AB872*1000000 -> 2471920.4 | D872: =astarf -> 0.00022147276 | E872: =atfinal -> 221.47276 | G872: =IF(C872/(1+(k-1)/2*mef^2)^(k/(k-1))<patm*1000000,patm*1000000,C872/(1+(k-1)/2*mef^2)^(k/(k-1))) -> 101000 | H872: =1/(((k+1)/2)^(1/(k-1))*(patm*1000000/C872)^(1/k)*SQRT((k+1)/(k-1)*(1-(patm*1000000/C872)^((k-1)/k)))) -> 4.6416012 | I872: =etanoz*SQRT(2*k^2/(k-1)*(2/(k+1))^((k+1)/(k-1))*(1-(G872/C872)^((k-1)/k)))+(G872-patm*1000000)/C872*(aexit/E872) -> 1.247444 | J872: =I872*D872*C872 -> 682.92944 | K872: =J872/4.4482 -> 153.52939 | L872: =Pressure!Q872 -> 1.9598895 | M872: =(J872+J871)/2*(L872-L871) -> 1.2541144
C873: =Pressure!AB873*1000000 -> 2310607.2 | D873: =astarf -> 0.00022147276 | E873: =atfinal -> 221.47276 | G873: =IF(C873/(1+(k-1)/2*mef^2)^(k/(k-1))<patm*1000000,patm*1000000,C873/(1+(k-1)/2*mef^2)^(k/(k-1))) -> 101000 | H873: =1/(((k+1)/2)^(1/(k-1))*(patm*1000000/C873)^(1/k)*SQRT((k+1)/(k-1)*(1-(patm*1000000/C873)^((k-1)/k)))) -> 4.411492 | I873: =etanoz*SQRT(2*k^2/(k-1)*(2/(k+1))^((k+1)/(k-1))*(1-(G873/C873)^((k-1)/k)))+(G873-patm*1000000)/C873*(aexit/E873) -> 1.2364744 | J873: =I873*D873*C873 -> 632.74912 | K873: =J873/4.4482 -> 142.24835 | L873: =Pressure!Q873 -> 1.9616561 | M873: =(J873+J872)/2*(L873-L872) -> 1.1620974
C874: =Pressure!AB874*1000000 -> 2159821 | D874: =astarf -> 0.00022147276 | E874: =atfinal -> 221.47276 | G874: =IF(C874/(1+(k-1)/2*mef^2)^(k/(k-1))<patm*1000000,patm*1000000,C874/(1+(k-1)/2*mef^2)^(k/(k-1))) -> 101000 | H874: =1/(((k+1)/2)^(1/(k-1))*(patm*1000000/C874)^(1/k)*SQRT((k+1)/(k-1)*(1-(patm*1000000/C874)^((k-1)/k)))) -> 4.1937549 | I874: =etanoz*SQRT(2*k^2/(k-1)*(2/(k+1))^((k+1)/(k-1))*(1-(G874/C874)^((k-1)/k)))+(G874-patm*1000000)/C874*(aexit/E874) -> 1.2253195 | J874: =I874*D874*C874 -> 586.12116 | K874: =J874/4.4482 -> 131.76592 | L874: =Pressure!Q874 -> 1.9634226 | M874: =(J874+J873)/2*(L874-L873) -> 1.0765897
... C909: =Pressure!AB909*1000000 -> 203528.52 | D909: =astarf -> 0.00022147276 | E909: =atfinal -> 221.47276 | G909: =IF(C909/(1+(k-1)/2*mef^2)^(k/(k-1))<patm*1000000,patm*1000000,C909/(1+(k-1)/2*mef^2)^(k/(k-1))) -> 101000 | H909: =1/(((k+1)/2)^(1/(k-1))*(patm*1000000/C909)^(1/k)*SQRT((k+1)/(k-1)*(1-(patm*1000000/C909)^((k-1)/k)))) -> 1.0166314 | I909: =etanoz*SQRT(2*k^2/(k-1)*(2/(k+1))^((k+1)/(k-1))*(1-(G909/C909)^((k-1)/k)))+(G909-patm*1000000)/C909*(aexit/E909) -> 0.62596507 | J909: =I909*D909*C909 -> 28.216015 | K909: =J909/4.4482 -> 6.3432434 | L909: =Pressure!Q909 -> 2.0252514 | M909: =(J909+J908)/2*(L909-L908) -> 0.052785354
C910: =Pressure!AB910*1000000 -> 0 | D910: =astarf -> 0.00022147276 | E910: =atfinal -> 221.47276 | G910: =IF(C910/(1+(k-1)/2*mef^2)^(k/(k-1))<patm*1000000,patm*1000000,C910/(1+(k-1)/2*mef^2)^(k/(k-1))) -> 101000 | H910: 1 | I910: =I909 -> 0.62596507 | J910: =I910*D910*C910 -> 0 | K910: =J910/4.4482 -> 0 | L910: =Pressure!Q910 -> 2.0270179 | M910: =(J910+J909)/2*(L910-L909) -> 0.024922316
L911: =SUM(M28:M910) -> 3501.5343

Sheet Nozzle Design
B2: Nozzle Design
B5: beta | C5: 35 | D5: degrees | E5: Nozzle convergence half-angle
B6: alpha | C6: 12 | D6: degrees | E6: Nozzle divergence half-angle
F8: Reference worksheets:
B9: Dc | C9: =dc -> 75 | D9: mm | E9: Chamber inside diameter | F9: Data and Kn | Y9: =C6/180*PI() -> 0.20943951 | Z9: alpha
B10: Dt | C10: =dto -> 16.792494 | D10: mm | E10: Nozzle throat diameter | F10: Data and Kn | Y10: =C5/180*PI() -> 0.61086524 | Z10: beta
B11: De | C11: =Performance!C11 -> 47.496347 | D11: mm | E11: Nozzle exit diameter | F11: Performance
B12: De opt | C12: =SQRT(Performance!C13)*C10 -> 49.772267 | D12: mm | E12: Optimum nozzle exit diameter | F12: Performance | Y12: Graphing:
X13: Pt. | Y13: X | Z13: Y | AA13: -Y
B14: Lc | C14: =(dcplot-C10)/2/TAN(beta) -> 41.564466 | D14: mm | E14: Convergence length | X14: 1 | Y14: 0 | Z14: =dcplot/2 -> 37.5 | AA14: =-Z14 -> -37.5
B15: Ld | C15: =(C11-C10)/2/TAN(alpha) -> 72.225134 | D15: mm | E15: Divergence length | X15: 2 | Y15: =(C9-C10)/2/TAN(beta) -> 41.564466 | Z15: =C10/2 -> 8.3962472 | AA15: =-Z15 -> -8.3962472
B16: Lo | C16: =C15+C14 -> 113.7896 | D16: mm | E16: Overall length | X16: 3 | Y16: =((C11-C10)/2/TAN(alpha)+Y15) -> 113.7896 | Z16: =C11/2 -> 23.748173 | AA16: =-Z16 -> -23.748173
X17: 4 | Y17: =((C12-C10)/2/TAN(alpha)+Y15) -> 119.14328 | Z17: =C12/2 -> 24.886134 | AA17: =-Z17 -> -24.886134
X20: 1 | Y20: =Y14/dcplot -> 0 | Z20: =Z14/dcplot -> 0.5 | AA20: =AA14/dcplot -> -0.5
X21: 2 | Y21: =Y15/dcplot -> 0.55419289 | Z21: =Z15/dcplot -> 0.11194996 | AA21: =AA15/dcplot -> -0.11194996
X22: 3 | Y22: =Y16/dcplot -> 1.5171947 | Z22: =Z16/dcplot -> 0.31664231 | AA22: =AA16/dcplot -> -0.31664231
X23: 4 | Y23: =Y17/dcplot -> 1.5885771 | Z23: =Z17/dcplot -> 0.33181511 | AA23: =AA17/dcplot -> -0.33181511
Y24: =Y22 -> 1.5171947 | Z24: =Z22 -> 0.31664231
Y25: =Y22 -> 1.5171947 | Z25: =-Z22 -> -0.31664231
Y26: =Y23 -> 1.5885771 | Z26: =Z23 -> 0.33181511
Y27: =Y23 -> 1.5885771 | Z27: =-Z23 -> -0.33181511
Y28: =Y24 -> 1.5171947 | Z28: 1
Y29: =Y25 -> 1.5171947 | Z29: -1

Sheet Output
B2: Motor Output Data
B4: This page presents a summary of the key parameters of motor performance, which
B5: may be used in trajectory simulation software, such as SOAR.
B7: ='Data and Kn'!C6 -> Example Rocket Motor (L-Class)
B8: ='Data and Kn'!C7 -> utilizing KNDX propellant.
C9: Grain mass | D9: =mgrain -> 2.812446 | E9: kg.
D10: =D9/0.4536 -> 6.2002777 | E10: lb.
C11: Total impulse | D11: =itot -> 3501.5343 | E11: N-sec.
D12: =D11/4.448 -> 787.21544 | E12: lb-sec.
C13: Average thrust | D13: =Performance!K22 -> 1728.9381 | E13: N.
D14: =Performance!P22 -> 388.68264 | E14: lb.
C15: Thrust time | D15: =Performance!K23 -> 2.0252514 | E15: sec.
C16: Specific Impulse | D16: =Performance!C18 -> 126.9645 | E16: sec.
C17: Motor Classification | D17: =Performance!C19 -> L | E17: =Performance!K22 -> 1728.9381
B19: Thrust-time data [see note 1]
B20: Time step | C20: =N47 -> 0.095685442 | D20: sec. [see note2]
B22: Data pt. | C22: Time | D22: Thrust | E22: Thrust
C23: (sec.) | D23: (N.) | E23: (lb.)
B24: 1 | C24: =Performance!L28 -> 0 | D24: =Performance!J28 -> 0 | E24: =Performance!K28 -> 0
B25: =B24+1 -> 2 | C25: =Performance!L70 -> 0.1321674 | D25: =Performance!J70 -> 1401.9066 | E25: =Performance!K70 -> 315.16268 | N25: =C25-C24 -> 0.1321674
B26: =B25+1 -> 3 | C26: =Performance!L71 -> 0.13479998 | D26: =Performance!J71 -> 1405.8776 | E26: =Performance!K71 -> 316.05539 | N26: =C26-C25 -> 0.0026325837
B27: =B26+1 -> 4 | C27: =Performance!L112 -> 0.23909602 | D27: =Performance!J112 -> 1561.4628 | E27: =Performance!K112 -> 351.03251 | N27: =C27-C26 -> 0.10429604
B28: =B27+1 -> 5 | C28: =Performance!L154 -> 0.33958712 | D28: =Performance!J154 -> 1712.786 | E28: =Performance!K154 -> 385.05148 | N28: =C28-C27 -> 0.1004911
B29: =B28+1 -> 6 | C29: =Performance!L196 -> 0.434815 | D29: =Performance!J196 -> 1848.2423 | E29: =Performance!K196 -> 415.50341 | N29: =C29-C28 -> 0.095227879
B30: =B29+1 -> 7 | C30: =Performance!L238 -> 0.52855732 | D30: =Performance!J238 -> 1883.9413 | E30: =Performance!K238 -> 423.52892 | N30: =C30-C29 -> 0.093742324
B31: =B30+1 -> 8 | C31: =Performance!L280 -> 0.62251683 | D31: =Performance!J280 -> 1912.9352 | E31: =Performance!K280 -> 430.04704 | N31: =C31-C30 -> 0.09395951
B32: =B31+1 -> 9 | C32: =Performance!L322 -> 0.71664958 | D32: =Performance!J322 -> 1935.7953 | E32: =Performance!K322 -> 435.18622 | N32: =C32-C31 -> 0.09413275
B33: =B32+1 -> 10 | C33: =Performance!L364 -> 0.8109136 | D33: =Performance!J364 -> 1952.5592 | E33: =Performance!K364 -> 438.95491 | N33: =C33-C32 -> 0.094264016
B34: =B33+1 -> 11 | C34: =Performance!L406 -> 0.90526811 | D34: =Performance!J406 -> 1963.2542 | E34: =Performance!K406 -> 441.35925 | N34: =C34-C33 -> 0.094354511
B35: =B34+1 -> 12 | C35: =Performance!L448 -> 0.99967316 | D35: =Performance!J448 -> 1967.8981 | E35: =Performance!K448 -> 442.40323 | N35: =C35-C34 -> 0.094405052
B36: =B35+1 -> 13 | C36: =Performance!L490 -> 1.0940893 | D36: =Performance!J490 -> 1966.499 | E36: =Performance!K490 -> 442.08871 | N36: =C36-C35 -> 0.094416093
B37: =B36+1 -> 14 | C37: =Performance!L532 -> 1.188477 | D37: =Performance!J532 -> 1959.0561 | E37: =Performance!K532 -> 440.41547 | N37: =C37-C36 -> 0.094387737
B38: =B37+1 -> 15 | C38: =Performance!L574 -> 1.2827967 | D38: =Performance!J574 -> 1945.5592 | E38: =Performance!K574 -> 437.38123 | N38: =C38-C37 -> 0.094319744
B39: =B38+1 -> 16 | C39: =Performance!L616 -> 1.3770083 | D39: =Performance!J616 -> 1925.9886 | E39: =Performance!K616 -> 432.98156 | N39: =C39-C38 -> 0.09421152
B40: =B39+1 -> 17 | C40: =Performance!L658 -> 1.4710704 | D40: =Performance!J658 -> 1900.315 | E40: =Performance!K658 -> 427.20987 | N40: =C40-C39 -> 0.0940621
B41: =B40+1 -> 18 | C41: =Performance!L700 -> 1.5649405 | D41: =Performance!J700 -> 1868.4987 | E41: =Performance!K700 -> 420.05727 | N41: =C41-C40 -> 0.093870118
B42: =B41+1 -> 19 | C42: =Performance!L742 -> 1.6585742 | D42: =Performance!J742 -> 1830.4894 | E42: =Performance!K742 -> 411.51238 | N42: =C42-C41 -> 0.093633758
B43: =B42+1 -> 20 | C43: =Performance!L784 -> 1.7529401 | D43: =Performance!J784 -> 1743.1172 | E43: =Performance!K784 -> 391.87024 | N43: =C43-C42 -> 0.094365821
B44: =B43+1 -> 21 | C44: =Performance!L826 -> 1.8521554 | D44: =Performance!J826 -> 1590.6022 | E44: =Performance!K826 -> 357.58335 | N44: =C44-C43 -> 0.099215354
B45: =B44+1 -> 22 | C45: =Performance!L868 -> 1.9528234 | D45: =Performance!J868 -> 924.77255 | E45: =Performance!K868 -> 207.89815 | N45: =C45-C44 -> 0.10066797
B46: 23 | C46: =Performance!L910 -> 2.0270179 | D46: =Performance!J910 -> 0 | E46: =Performance!K910 -> 0 | N46: =C46-C45 -> 0.074194549
N47: =AVERAGE(N27:N45) -> 0.095685442
B48: [1 ] This table approximates the actual thrust-time profile.
B49: [2] The effective time increment between data points.

Sheet Propellant data
B3: Propellant Data
B6: Propellant & combustion products physical/thermochemical properties
B7: Propellant type
C8: symb. | D8: units | E8: notes | F8: KNDX | G8: KNSB | H8: KNSU | I8: KNER | J8: KNMN | K8: KNFR | L8: KNPSB
B9: Grain mass density, ideal | C9: r p | D9: g/cm3 | E9: [1] | F9: 1.879 | G9: 1.841 | H9: 1.889 | I9: 1.82 | J9: 1.854 | K9: 1.942 | L9: 1.923
B10: Ratio of specific heats, mixture | C10: k | D10: - | E10: [2] | F10: 1.1308 | G10: 1.137 | H10: 1.133 | I10: 1.14 | J10: 1.1363 | K10: =ks_dx -> 1.1308 | L10: 1.163
B11: Effective molecular wt. | C11: M | D11: kg/kmol | E11: [3] | F11: 42.42 | G11: 39.9 | H11: 42.02 | I11: 38.58 | J11: 39.826 | K11: =m_dx -> 42.42 | L11: 36.39
B12: Chamber temperature | C12: To | D12: K | E12: [4] | F12: 1710 | G12: 1600 | H12: 1720 | I12: 1608 | J12: 1616 | K12: =to_dx -> 1710 | L12: 1858
C14: Notes: | D14: [1] | E14: Ref. ProPEP
D15: [2] | E15: For the gas-particle mixture.
D16: [3] | E16: Given by system mass divided by number of gas moles in system.
D17: [4] | E17: Adiabatic flame temperature.
C20: Additional Notes: | D20: KNDX = Potassium Nitrate/Dextrose, 65/35 O/F ratio
D21: KNSB = Potassium Nitrate/Sorbitol, 65/35 O/F ratio
D22: KNSU = Potassium Nitrate/Sucrose, 65/35 O/F ratio
D23: KNER = Potassium Nitrate/Erythritol, 65/35 O/F ratio
D24: KNMN = Potassium Nitrate/Mannitol, 65/35 O/F ratio
D25: KNFR = Potassium Nitrate/Fructose, 65/35 OF ratio
D26: KNPSB = Potassium Nitrate/Potassium Perchlorate/Sorbitol 35/30/35 O/O/F ratio

Sheet Burnrate
B2: Propellant Burn Rate Empirical Data
B5: KNDX | M5: 0.25 | N5: =M69 -> 0 | R5: 0.25 | S5: =R69 -> 8.944
E6: a | F6: n | J6: a | K6: n
B7: Pressure, psia | E7: psi, in/sec | G7: Pressure, Mpa | J7: Mpa, mm/sec | T7: KNSB Fine | W7: KNSB Coarse | Z7: KNSU | AC7: KNER | AF7: KNPSB | AI7: KNFR
B8: 14.7 | C8: to | D8: 113 | E8: 0.016023622 | F8: 0.6193 | G8: 0.1 | H8: to | I8: 0.779135 | J8: 8.875445 | K8: 0.6193 | M8: Mpa | N8: a | O8: n | P8: r | R8: Mpa | S8: a | T8: n | U8: r | V8: a | W8: n | X8: r | Y8: a | Z8: n | AA8: r | AB8: a | AC8: n | AD8: r | AE8: a | AF8: n | AG8: r | AH8: a | AI8: n | AJ8: r
B9: 113 | C9: to | D9: 373 | E9: 0.31051181 | F9: -0.0087 | G9: 0.779135 | H9: to | I9: 2.571835 | J9: 7.5527844 | K9: -0.0087 | M9: 0.1 | N9: =VLOOKUP($M9,kndxbn_,4,TRUE) -> 8.875445 | O9: =VLOOKUP($M9,kndxbn_,5,TRUE) -> 0.6193 | P9: =N9*M9^O9 -> 2.1325054 | R9: 0.1035 | S9: =VLOOKUP($R9,knsobn_,4,TRUE) -> 10.707684 | T9: =VLOOKUP($R9,knsobn_,5,TRUE) -> 0.6247 | U9: =S9*R9^T9 -> 2.596144 | V9: =$J$28 -> 5.13 | W9: =$K$28 -> 0.22 | X9: =V9*R9^W9 -> 3.1146141 | Y9: =$J$33 -> 8.26 | Z9: =$K$33 -> 0.319 | AA9: =Y9*R9^Z9 -> 4.0063235 | AB9: =am_1 -> 2.9 | AC9: =nm_1 -> 0.4 | AD9: =AB9*R9^AC9 -> 1.1705073 | AE9: =$J$58 -> 6.5 | AF9: =$K$58 -> 0.628 | AG9: =AE9*R9^AF9 -> 1.564213 | AH9: =am_4 -> 7.4 | AI9: =nm_4 -> 0.25 | AJ9: =AH9*R9^AI9 -> 4.197269
B10: 373 | C10: to | D10: 860 | E10: 0.0049212598 | F10: 0.6882 | G10: 2.571835 | H10: to | I10: 5.9297 | J10: 3.8408799 | K10: 0.6882 | M10: =M9+($M$5-0.1) -> 0.25 | N10: =VLOOKUP($M10,kndxbn_,4,TRUE) -> 8.875445 | O10: =VLOOKUP($M10,kndxbn_,5,TRUE) -> 0.6193 | P10: =N10*M10^O10 -> 3.7612689 | R10: =R9+($M$5-0.103) -> 0.2505 | S10: =VLOOKUP($R10,knsobn_,4,TRUE) -> 10.707684 | T10: =VLOOKUP($R10,knsobn_,5,TRUE) -> 0.6247 | U10: =S10*R10^T10 -> 4.5095243 | V10: =$J$28 -> 5.13 | W10: =$K$28 -> 0.22 | X10: =V10*R10^W10 -> 3.7831631 | Y10: =$J$33 -> 8.26 | Z10: =$K$33 -> 0.319 | AA10: =Y10*R10^Z10 -> 5.3112863 | AB10: =am_1 -> 2.9 | AC10: =nm_1 -> 0.4 | AD10: =AB10*R10^AC10 -> 1.6669443 | AE10: =$J$58 -> 6.5 | AF10: =$K$58 -> 0.628 | AG10: =AE10*R10^AF10 -> 2.7249881 | AH10: =$J$58 -> 6.5 | AI10: =$K$58 -> 0.628 | AJ10: =AH10*R10^AI10 -> 2.7249881
B11: 860 | C11: to | D11: 1233 | E11: 1.4155118 | F11: -0.1481 | G11: 5.9297 | H11: to | I11: 8.501535 | J11: 17.204186 | K11: -0.1481 | M11: =M10+$M$5 -> 0.5 | N11: =VLOOKUP($M11,kndxbn_,4,TRUE) -> 8.875445 | O11: =VLOOKUP($M11,kndxbn_,5,TRUE) -> 0.6193 | P11: =N11*M11^O11 -> 5.7777967 | R11: =R10+($M$5-0.103) -> 0.3975 | S11: =VLOOKUP($R11,knsobn_,4,TRUE) -> 10.707684 | T11: =VLOOKUP($R11,knsobn_,5,TRUE) -> 0.6247 | U11: =S11*R11^T11 -> 6.017297 | V11: =$J$28 -> 5.13 | W11: =$K$28 -> 0.22 | X11: =V11*R11^W11 -> 4.1876612 | Y11: =$J$33 -> 8.26 | Z11: =$K$33 -> 0.319 | AA11: =Y11*R11^Z11 -> 6.1541573 | AB11: =am_1 -> 2.9 | AC11: =nm_1 -> 0.4 | AD11: =AB11*R11^AC11 -> 2.0050853 | AE11: =$J$58 -> 6.5 | AF11: =$K$58 -> 0.628 | AG11: =AE11*R11^AF11 -> 3.6416405 | AH11: =am_4 -> 7.4 | AI11: =nm_4 -> 0.25 | AJ11: =AH11*R11^AI11 -> 5.8757864
B12: 1233 | C12: to | D12: 1625 | E12: 0.020866142 | F12: 0.4417 | G12: 8.501535 | H12: to | I12: 11.204375 | J12: 4.7752409 | K12: 0.4417 | M12: 0.779 | N12: =VLOOKUP($M12,kndxbn_,4,TRUE) -> 8.875445 | O12: =VLOOKUP($M12,kndxbn_,5,TRUE) -> 0.6193 | P12: =N12*M12^O12 -> 7.6036004 | R12: =R11+($M$5-0.103) -> 0.5445 | S12: =VLOOKUP($R12,knsobn_,4,TRUE) -> 10.707684 | T12: =VLOOKUP($R12,knsobn_,5,TRUE) -> 0.6247 | U12: =S12*R12^T12 -> 7.324423 | V12: =$J$28 -> 5.13 | W12: =$K$28 -> 0.22 | X12: =V12*R12^W12 -> 4.4878352 | Y12: =$J$33 -> 8.26 | Z12: =$K$33 -> 0.319 | AA12: =Y12*R12^Z12 -> 6.8039854 | AB12: =am_1 -> 2.9 | AC12: =nm_1 -> 0.4 | AD12: =AB12*R12^AC12 -> 2.274035 | AE12: =$J$58 -> 6.5 | AF12: =$K$58 -> 0.628 | AG12: =AE12*R12^AF12 -> 4.4373126 | AH12: =am_4 -> 7.4 | AI12: =nm_4 -> 0.25 | AJ12: =AH12*R12^AI12 -> 6.3566923
M13: =M12+$M$5 -> 1.029 | N13: =VLOOKUP($M13,kndxbn_,4,TRUE) -> 7.5527844 | O13: =VLOOKUP($M13,kndxbn_,5,TRUE) -> -0.0087 | P13: =N13*M13^O13 -> 7.5509062 | R13: =R12+($M$5-0.103) -> 0.6915 | S13: =VLOOKUP($R13,knsobn_,4,TRUE) -> 10.707684 | T13: =VLOOKUP($R13,knsobn_,5,TRUE) -> 0.6247 | U13: =S13*R13^T13 -> 8.5038133 | V13: =$J$28 -> 5.13 | W13: =$K$28 -> 0.22 | X13: =V13*R13^W13 -> 4.7301144 | Y13: =$J$33 -> 8.26 | Z13: =$K$33 -> 0.319 | AA13: =Y13*R13^Z13 -> 7.3430038 | AB13: =am_1 -> 2.9 | AC13: =nm_1 -> 0.4 | AD13: =AB13*R13^AC13 -> 2.5021588 | AE13: =$J$58 -> 6.5 | AF13: =$K$58 -> 0.628 | AG13: =AE13*R13^AF13 -> 5.1558806 | AH13: =am_4 -> 7.4 | AI13: =nm_4 -> 0.25 | AJ13: =AH13*R13^AI13 -> 6.7480729
M14: =M13+$M$5 -> 1.279 | N14: =VLOOKUP($M14,kndxbn_,4,TRUE) -> 7.5527844 | O14: =VLOOKUP($M14,kndxbn_,5,TRUE) -> -0.0087 | P14: =N14*M14^O14 -> 7.5366321 | R14: 0.807 | S14: =VLOOKUP($R14,knsobn_,4,TRUE) -> 8.7632801 | T14: =VLOOKUP($R14,knsobn_,5,TRUE) -> -0.3142 | U14: =S14*R14^T14 -> 9.3740449 | V14: =$J$28 -> 5.13 | W14: =$K$28 -> 0.22 | X14: =V14*R14^W14 -> 4.8936121 | Y14: =$J$33 -> 8.26 | Z14: =$K$33 -> 0.319 | AA14: =Y14*R14^Z14 -> 7.7138769 | AB14: =am_1 -> 2.9 | AC14: =nm_1 -> 0.4 | AD14: =AB14*R14^AC14 -> 2.6616283 | AE14: =$J$58 -> 6.5 | AF14: =$K$58 -> 0.628 | AG14: =AE14*R14^AF14 -> 5.6810673 | AH14: =am_4 -> 7.4 | AI14: =nm_4 -> 0.25 | AJ14: =AH14*R14^AI14 -> 7.0137471
M15: =M14+$M$5 -> 1.529 | N15: =VLOOKUP($M15,kndxbn_,4,TRUE) -> 7.5527844 | O15: =VLOOKUP($M15,kndxbn_,5,TRUE) -> -0.0087 | P15: =N15*M15^O15 -> 7.5249348 | R15: =R14+($M$5-0.103) -> 0.954 | S15: =VLOOKUP($R15,knsobn_,4,TRUE) -> 8.7632801 | T15: =VLOOKUP($R15,knsobn_,5,TRUE) -> -0.3142 | U15: =S15*R15^T15 -> 8.8939072 | V15: =$J$28 -> 5.13 | W15: =$K$28 -> 0.22 | X15: =V15*R15^W15 -> 5.0771268 | Y15: =$J$33 -> 8.26 | Z15: =$K$33 -> 0.319 | AA15: =Y15*R15^Z15 -> 8.1368438 | AB15: =am_1 -> 2.9 | AC15: =nm_1 -> 0.4 | AD15: =AB15*R15^AC15 -> 2.845885 | AE15: =$J$58 -> 6.5 | AF15: =$K$58 -> 0.628 | AG15: =AE15*R15^AF15 -> 6.3105867 | AH15: =am_4 -> 7.4 | AI15: =nm_4 -> 0.25 | AJ15: =AH15*R15^AI15 -> 7.3133913
B16: KNSB Fine | M16: =M15+$M$5 -> 1.779 | N16: =VLOOKUP($M16,kndxbn_,4,TRUE) -> 7.5527844 | O16: =VLOOKUP($M16,kndxbn_,5,TRUE) -> -0.0087 | P16: =N16*M16^O16 -> 7.5150272 | R16: =R15+($M$5-0.103) -> 1.101 | S16: =VLOOKUP($R16,knsobn_,4,TRUE) -> 8.7632801 | T16: =VLOOKUP($R16,knsobn_,5,TRUE) -> -0.3142 | U16: =S16*R16^T16 -> 8.5023135 | V16: =$J$28 -> 5.13 | W16: =$K$28 -> 0.22 | X16: =V16*R16^W16 -> 5.2397501 | Y16: =$J$33 -> 8.26 | Z16: =$K$33 -> 0.319 | AA16: =Y16*R16^Z16 -> 8.5174619 | AB16: =am_1 -> 2.9 | AC16: =nm_1 -> 0.4 | AD16: =AB16*R16^AC16 -> 3.0137896 | AE16: =$J$58 -> 6.5 | AF16: =$K$58 -> 0.628 | AG16: =AE16*R16^AF16 -> 6.9048746 | AH16: =am_4 -> 7.4 | AI16: =nm_4 -> 0.25 | AJ16: =AH16*R16^AI16 -> 7.5801631
E17: a | F17: n | J17: a | K17: n | M17: =M16+$M$5 -> 2.029 | N17: =VLOOKUP($M17,kndxbn_,4,TRUE) -> 7.5527844 | O17: =VLOOKUP($M17,kndxbn_,5,TRUE) -> -0.0087 | P17: =N17*M17^O17 -> 7.5064351 | R17: =R16+($M$5-0.103) -> 1.248 | S17: =VLOOKUP($R17,knsobn_,4,TRUE) -> 8.7632801 | T17: =VLOOKUP($R17,knsobn_,5,TRUE) -> -0.3142 | U17: =S17*R17^T17 -> 8.174027 | V17: =$J$28 -> 5.13 | W17: =$K$28 -> 0.22 | X17: =V17*R17^W17 -> 5.386226 | Y17: =$J$33 -> 8.26 | Z17: =$K$33 -> 0.319 | AA17: =Y17*R17^Z17 -> 8.8648726 | AB17: =am_1 -> 2.9 | AC17: =nm_1 -> 0.4 | AD17: =AB17*R17^AC17 -> 3.1687198 | AE17: =$J$58 -> 6.5 | AF17: =$K$58 -> 0.628 | AG17: =AE17*R17^AF17 -> 7.4702669 | AH17: =am_4 -> 7.4 | AI17: =nm_4 -> 0.25 | AJ17: =AH17*R17^AI17 -> 7.8214157
B18: Pressure, psia | E18: psi, in/sec | G18: Pressure, Mpa | J18: Mpa, mm/sec | M18: =M17+$M$5 -> 2.279 | N18: =VLOOKUP($M18,kndxbn_,4,TRUE) -> 7.5527844 | O18: =VLOOKUP($M18,kndxbn_,5,TRUE) -> -0.0087 | P18: =N18*M18^O18 -> 7.4988508 | R18: =R17+($M$5-0.103) -> 1.395 | S18: =VLOOKUP($R18,knsobn_,4,TRUE) -> 8.7632801 | T18: =VLOOKUP($R18,knsobn_,5,TRUE) -> -0.3142 | U18: =S18*R18^T18 -> 7.8929886 | V18: =$J$28 -> 5.13 | W18: =$K$28 -> 0.22 | X18: =V18*R18^W18 -> 5.5198044 | Y18: =$J$33 -> 8.26 | Z18: =$K$33 -> 0.319 | AA18: =Y18*R18^Z18 -> 9.1854242 | AB18: =am_1 -> 2.9 | AC18: =nm_1 -> 0.4 | AD18: =AB18*R18^AC18 -> 3.3130476 | AE18: =$J$58 -> 6.5 | AF18: =$K$58 -> 0.628 | AG18: =AE18*R18^AF18 -> 8.0113547 | AH18: =am_4 -> 7.4 | AI18: =nm_4 -> 0.25 | AJ18: =AH18*R18^AI18 -> 8.0422075
B19: 14 | C19: to | D19: 117 | E19: 0.018818898 | F19: 0.6247 | G19: 0.101 | H19: to | I19: 0.806715 | J19: 10.707684 | K19: 0.6247 | M19: 2.572 | N19: =VLOOKUP($M19,kndxbn_,4,TRUE) -> 3.8408799 | O19: =VLOOKUP($M19,kndxbn_,5,TRUE) -> 0.6882 | P19: =N19*M19^O19 -> 7.3583291 | R19: 1.503 | S19: =VLOOKUP($R19,knsobn_,4,TRUE) -> 8.7632801 | T19: =VLOOKUP($R19,knsobn_,5,TRUE) -> -0.3142 | U19: =S19*R19^T19 -> 7.7102095 | V19: =$J$28 -> 5.13 | W19: =$K$28 -> 0.22 | X19: =V19*R19^W19 -> 5.6111043 | Y19: =$J$33 -> 8.26 | Z19: =$K$33 -> 0.319 | AA19: =Y19*R19^Z19 -> 9.4065412 | AB19: =am_1 -> 2.9 | AC19: =nm_1 -> 0.4 | AD19: =AB19*R19^AC19 -> 3.413356 | AE19: =$J$58 -> 6.5 | AF19: =$K$58 -> 0.628 | AG19: =AE19*R19^AF19 -> 8.3954426 | AH19: =am_4 -> 7.4 | AI19: =nm_4 -> 0.25 | AJ19: =AH19*R19^AI19 -> 8.1935379
B20: 117 | C20: to | D20: 218 | E20: 1.6480315 | F20: -0.3142 | G20: 0.806715 | H20: to | I20: 1.50311 | J20: 8.7632801 | K20: -0.3142 | M20: =M19+$M$5 -> 2.822 | N20: =VLOOKUP($M20,kndxbn_,4,TRUE) -> 3.8408799 | O20: =VLOOKUP($M20,kndxbn_,5,TRUE) -> 0.6882 | P20: =N20*M20^O20 -> 7.8433945 | R20: =R19+($M$5-0.103) -> 1.65 | S20: =VLOOKUP($R20,knsobn_,4,TRUE) -> 7.8521658 | T20: =VLOOKUP($R20,knsobn_,5,TRUE) -> -0.013 | U20: =S20*R20^T20 -> 7.8012136 | V20: =$J$28 -> 5.13 | W20: =$K$28 -> 0.22 | X20: =V20*R20^W20 -> 5.7274833 | Y20: =$J$33 -> 8.26 | Z20: =$K$33 -> 0.319 | AA20: =Y20*R20^Z20 -> 9.6907508 | AB20: =am_1 -> 2.9 | AC20: =nm_1 -> 0.4 | AD20: =AB20*R20^AC20 -> 3.5431666 | AE20: =$J$58 -> 6.5 | AF20: =$K$58 -> 0.628 | AG20: =AE20*R20^AF20 -> 8.9021165 | AH20: =am_4 -> 7.4 | AI20: =nm_4 -> 0.25 | AJ20: =AH20*R20^AI20 -> 8.386924
B21: 218 | C21: to | D21: 550 | E21: 0.32980315 | F21: -0.013 | G21: 1.50311 | H21: to | I21: 3.79225 | J21: 7.8521658 | K21: -0.013 | M21: =M20+$M$5 -> 3.072 | N21: =VLOOKUP($M21,kndxbn_,4,TRUE) -> 3.8408799 | O21: =VLOOKUP($M21,kndxbn_,5,TRUE) -> 0.6882 | P21: =N21*M21^O21 -> 8.315225 | R21: =R20+($M$5-0.103) -> 1.797 | S21: =VLOOKUP($R21,knsobn_,4,TRUE) -> 7.8521658 | T21: =VLOOKUP($R21,knsobn_,5,TRUE) -> -0.013 | U21: =S21*R21^T21 -> 7.7925632 | V21: =$J$28 -> 5.13 | W21: =$K$28 -> 0.22 | X21: =V21*R21^W21 -> 5.8360357 | Y21: =$J$33 -> 8.26 | Z21: =$K$33 -> 0.319 | AA21: =Y21*R21^Z21 -> 9.9582009 | AB21: =am_1 -> 2.9 | AC21: =nm_1 -> 0.4 | AD21: =AB21*R21^AC21 -> 3.6662091 | AE21: =$J$58 -> 6.5 | AF21: =$K$58 -> 0.628 | AG21: =AE21*R21^AF21 -> 9.3922479 | AH21: =am_4 -> 7.4 | AI21: =nm_4 -> 0.25 | AJ21: =AH21*R21^AI21 -> 8.5677885
B22: 550 | C22: to | D22: 1020 | E22: 0.010708661 | F22: 0.5354 | G22: 3.79225 | H22: to | I22: 7.0329 | J22: 3.9067683 | K22: 0.5354 | M22: =M21+$M$5 -> 3.322 | N22: =VLOOKUP($M22,kndxbn_,4,TRUE) -> 3.8408799 | O22: =VLOOKUP($M22,kndxbn_,5,TRUE) -> 0.6882 | P22: =N22*M22^O22 -> 8.7752188 | R22: =R21+($M$5-0.103) -> 1.944 | S22: =VLOOKUP($R22,knsobn_,4,TRUE) -> 7.8521658 | T22: =VLOOKUP($R22,knsobn_,5,TRUE) -> -0.013 | U22: =S22*R22^T22 -> 7.7846019 | V22: =$J$28 -> 5.13 | W22: =$K$28 -> 0.22 | X22: =V22*R22^W22 -> 5.937868 | Y22: =$J$33 -> 8.26 | Z22: =$K$33 -> 0.319 | AA22: =Y22*R22^Z22 -> 10.211138 | AB22: =am_1 -> 2.9 | AC22: =nm_1 -> 0.4 | AD22: =AB22*R22^AC22 -> 3.7833498 | AE22: =$J$58 -> 6.5 | AF22: =$K$58 -> 0.628 | AG22: =AE22*R22^AF22 -> 9.8676698 | AH22: =am_4 -> 7.4 | AI22: =nm_4 -> 0.25 | AJ22: =AH22*R22^AI22 -> 8.7378741
B23: 1020 | C23: to | D23: 1548 | E23: 0.27665354 | F23: 0.0638 | G23: 7.0329 | H23: to | I23: 10.67346 | J23: 9.6532036 | K23: 0.0638 | M23: =M22+$M$5 -> 3.572 | N23: =VLOOKUP($M23,kndxbn_,4,TRUE) -> 3.8408799 | O23: =VLOOKUP($M23,kndxbn_,5,TRUE) -> 0.6882 | P23: =N23*M23^O23 -> 9.224533 | R23: =R22+($M$5-0.103) -> 2.091 | S23: =VLOOKUP($R23,knsobn_,4,TRUE) -> 7.8521658 | T23: =VLOOKUP($R23,knsobn_,5,TRUE) -> -0.013 | U23: =S23*R23^T23 -> 7.7772285 | V23: =$J$28 -> 5.13 | W23: =$K$28 -> 0.22 | X23: =V23*R23^W23 -> 6.0338603 | Y23: =$J$33 -> 8.26 | Z23: =$K$33 -> 0.319 | AA23: =Y23*R23^Z23 -> 10.451364 | AB23: =am_1 -> 2.9 | AC23: =nm_1 -> 0.4 | AD23: =AB23*R23^AC23 -> 3.8952883 | AE23: =$J$58 -> 6.5 | AF23: =$K$58 -> 0.628 | AG23: =AE23*R23^AF23 -> 10.32989 | AH23: =am_4 -> 7.4 | AI23: =nm_4 -> 0.25 | AJ23: =AH23*R23^AI23 -> 8.8985701
M24: =M23+$M$5 -> 3.822 | N24: =VLOOKUP($M24,kndxbn_,4,TRUE) -> 3.8408799 | O24: =VLOOKUP($M24,kndxbn_,5,TRUE) -> 0.6882 | P24: =N24*M24^O24 -> 9.6641392 | R24: =R23+($M$5-0.103) -> 2.238 | S24: =VLOOKUP($R24,knsobn_,4,TRUE) -> 7.8521658 | T24: =VLOOKUP($R24,knsobn_,5,TRUE) -> -0.013 | U24: =S24*R24^T24 -> 7.7703625 | V24: =$J$28 -> 5.13 | W24: =$K$28 -> 0.22 | X24: =V24*R24^W24 -> 6.1247249 | Y24: =$J$33 -> 8.26 | Z24: =$K$33 -> 0.319 | AA24: =Y24*R24^Z24 -> 10.680348 | AB24: =am_1 -> 2.9 | AC24: =nm_1 -> 0.4 | AD24: =AB24*R24^AC24 -> 4.0025985 | AE24: =$J$58 -> 6.5 | AF24: =$K$58 -> 0.628 | AG24: =AE24*R24^AF24 -> 10.780167 | AH24: =am_4 -> 7.4 | AI24: =nm_4 -> 0.25 | AJ24: =AH24*R24^AI24 -> 9.0510037
B25: KNSB Coarse, KNMN Coarse Note [3] | M25: =M24+$M$5 -> 4.072 | N25: =VLOOKUP($M25,kndxbn_,4,TRUE) -> 3.8408799 | O25: =VLOOKUP($M25,kndxbn_,5,TRUE) -> 0.6882 | P25: =N25*M25^O25 -> 10.094863 | R25: =R24+($M$5-0.103) -> 2.385 | S25: =VLOOKUP($R25,knsobn_,4,TRUE) -> 7.8521658 | T25: =VLOOKUP($R25,knsobn_,5,TRUE) -> -0.013 | U25: =S25*R25^T25 -> 7.763939 | V25: =$J$28 -> 5.13 | W25: =$K$28 -> 0.22 | X25: =V25*R25^W25 -> 6.2110469 | Y25: =$J$33 -> 8.26 | Z25: =$K$33 -> 0.319 | AA25: =Y25*R25^Z25 -> 10.899306 | AB25: =am_1 -> 2.9 | AC25: =nm_1 -> 0.4 | AD25: =AB25*R25^AC25 -> 4.105758 | AE25: =$J$58 -> 6.5 | AF25: =$K$58 -> 0.628 | AG25: =AE25*R25^AF25 -> 11.219566 | AH25: =am_4 -> 7.4 | AI25: =nm_4 -> 0.25 | AJ25: =AH25*R25^AI25 -> 9.1961028
E26: a | F26: n | J26: a | K26: n | M26: =M25+$M$5 -> 4.322 | N26: =VLOOKUP($M26,kndxbn_,4,TRUE) -> 3.8408799 | O26: =VLOOKUP($M26,kndxbn_,5,TRUE) -> 0.6882 | P26: =N26*M26^O26 -> 10.517414 | R26: =R25+($M$5-0.103) -> 2.532 | S26: =VLOOKUP($R26,knsobn_,4,TRUE) -> 7.8521658 | T26: =VLOOKUP($R26,knsobn_,5,TRUE) -> -0.013 | U26: =S26*R26^T26 -> 7.7579046 | V26: =$J$28 -> 5.13 | W26: =$K$28 -> 0.22 | X26: =V26*R26^W26 -> 6.2933137 | Y26: =$J$33 -> 8.26 | Z26: =$K$33 -> 0.319 | AA26: =Y26*R26^Z26 -> 11.109256 | AB26: =am_1 -> 2.9 | AC26: =nm_1 -> 0.4 | AD26: =AB26*R26^AC26 -> 4.2051692 | AE26: =$J$58 -> 6.5 | AF26: =$K$58 -> 0.628 | AG26: =AE26*R26^AF26 -> 11.648998 | AH26: =am_4 -> 7.4 | AI26: =nm_4 -> 0.25 | AJ26: =AH26*R26^AI26 -> 9.3346415
B27: Pressure, psia | E27: psi, in/sec | G27: Pressure, Mpa | J27: Mpa, mm/sec | M27: =M26+$M$5 -> 4.572 | N27: =VLOOKUP($M27,kndxbn_,4,TRUE) -> 3.8408799 | O27: =VLOOKUP($M27,kndxbn_,5,TRUE) -> 0.6882 | P27: =N27*M27^O27 -> 10.932408 | R27: =R26+($M$5-0.103) -> 2.679 | S27: =VLOOKUP($R27,knsobn_,4,TRUE) -> 7.8521658 | T27: =VLOOKUP($R27,knsobn_,5,TRUE) -> -0.013 | U27: =S27*R27^T27 -> 7.7522151 | V27: =$J$28 -> 5.13 | W27: =$K$28 -> 0.22 | X27: =V27*R27^W27 -> 6.3719354 | Y27: =$J$33 -> 8.26 | Z27: =$K$33 -> 0.319 | AA27: =Y27*R27^Z27 -> 11.311061 | AB27: =am_1 -> 2.9 | AC27: =nm_1 -> 0.4 | AD27: =AB27*R27^AC27 -> 4.3011747 | AE27: =$J$58 -> 6.5 | AF27: =$K$58 -> 0.628 | AG27: =AE27*R27^AF27 -> 12.069248 | AH27: =am_4 -> 7.4 | AI27: =nm_4 -> 0.25 | AJ27: =AH27*R27^AI27 -> 9.4672729
B28: 14 | C28: to | D28: 1500 | E28: 0.0676 | F28: 0.22 | G28: 0.101 | H28: to | I28: 10.3 | J28: 5.13 | K28: 0.22 | M28: =M27+$M$5 -> 4.822 | N28: =VLOOKUP($M28,kndxbn_,4,TRUE) -> 3.8408799 | O28: =VLOOKUP($M28,kndxbn_,5,TRUE) -> 0.6882 | P28: =N28*M28^O28 -> 11.340382 | R28: =R27+($M$5-0.103) -> 2.826 | S28: =VLOOKUP($R28,knsobn_,4,TRUE) -> 7.8521658 | T28: =VLOOKUP($R28,knsobn_,5,TRUE) -> -0.013 | U28: =S28*R28^T28 -> 7.7468335 | V28: =$J$28 -> 5.13 | W28: =$K$28 -> 0.22 | X28: =V28*R28^W28 -> 6.4472608 | Y28: =$J$33 -> 8.26 | Z28: =$K$33 -> 0.319 | AA28: =Y28*R28^Z28 -> 11.505459 | AB28: =am_1 -> 2.9 | AC28: =nm_1 -> 0.4 | AD28: =AB28*R28^AC28 -> 4.3940689 | AE28: =$J$58 -> 6.5 | AF28: =$K$58 -> 0.628 | AG28: =AE28*R28^AF28 -> 12.481003 | AH28: =am_4 -> 7.4 | AI28: =nm_4 -> 0.25 | AJ28: =AH28*R28^AI28 -> 9.5945533
M29: =M28+$M$5 -> 5.072 | N29: =VLOOKUP($M29,kndxbn_,4,TRUE) -> 3.8408799 | O29: =VLOOKUP($M29,kndxbn_,5,TRUE) -> 0.6882 | P29: =N29*M29^O29 -> 11.741811 | R29: =R28+($M$5-0.103) -> 2.973 | S29: =VLOOKUP($R29,knsobn_,4,TRUE) -> 7.8521658 | T29: =VLOOKUP($R29,knsobn_,5,TRUE) -> -0.013 | U29: =S29*R29^T29 -> 7.7417283 | V29: =$J$28 -> 5.13 | W29: =$K$28 -> 0.22 | X29: =V29*R29^W29 -> 6.5195894 | Y29: =$J$33 -> 8.26 | Z29: =$K$33 -> 0.319 | AA29: =Y29*R29^Z29 -> 11.693088 | AB29: =am_1 -> 2.9 | AC29: =nm_1 -> 0.4 | AD29: =AB29*R29^AC29 -> 4.4841069 | AE29: =$J$58 -> 6.5 | AF29: =$K$58 -> 0.628 | AG29: =AE29*R29^AF29 -> 12.884862 | AH29: =am_4 -> 7.4 | AI29: =nm_4 -> 0.25 | AJ29: =AH29*R29^AI29 -> 9.7169607
B30: KNSU | M30: =M29+$M$5 -> 5.322 | N30: =VLOOKUP($M30,kndxbn_,4,TRUE) -> 3.8408799 | O30: =VLOOKUP($M30,kndxbn_,5,TRUE) -> 0.6882 | P30: =N30*M30^O30 -> 12.137115 | R30: =R29+($M$5-0.103) -> 3.12 | S30: =VLOOKUP($R30,knsobn_,4,TRUE) -> 7.8521658 | T30: =VLOOKUP($R30,knsobn_,5,TRUE) -> -0.013 | U30: =S30*R30^T30 -> 7.7368727 | V30: =$J$28 -> 5.13 | W30: =$K$28 -> 0.22 | X30: =V30*R30^W30 -> 6.5891801 | Y30: =$J$33 -> 8.26 | Z30: =$K$33 -> 0.319 | AA30: =Y30*R30^Z30 -> 11.874501 | AB30: =am_1 -> 2.9 | AC30: =nm_1 -> 0.4 | AD30: =AB30*R30^AC30 -> 4.5715117 | AE30: =$J$58 -> 6.5 | AF30: =$K$58 -> 0.628 | AG30: =AE30*R30^AF30 -> 13.281357 | AH30: =am_4 -> 7.4 | AI30: =nm_4 -> 0.25 | AJ30: =AH30*R30^AI30 -> 9.8349095
E31: a | F31: n | J31: a | K31: n | M31: =M30+$M$5 -> 5.572 | N31: =VLOOKUP($M31,kndxbn_,4,TRUE) -> 3.8408799 | O31: =VLOOKUP($M31,kndxbn_,5,TRUE) -> 0.6882 | P31: =N31*M31^O31 -> 12.526668 | R31: =R30+($M$5-0.103) -> 3.267 | S31: =VLOOKUP($R31,knsobn_,4,TRUE) -> 7.8521658 | T31: =VLOOKUP($R31,knsobn_,5,TRUE) -> -0.013 | U31: =S31*R31^T31 -> 7.7322435 | V31: =$J$28 -> 5.13 | W31: =$K$28 -> 0.22 | X31: =V31*R31^W31 -> 6.6562584 | Y31: =$J$33 -> 8.26 | Z31: =$K$33 -> 0.319 | AA31: =Y31*R31^Z31 -> 12.050182 | AB31: =am_1 -> 2.9 | AC31: =nm_1 -> 0.4 | AD31: =AB31*R31^AC31 -> 4.656479 | AE31: =$J$58 -> 6.5 | AF31: =$K$58 -> 0.628 | AG31: =AE31*R31^AF31 -> 13.67096 | AH31: =am_4 -> 7.4 | AI31: =nm_4 -> 0.25 | AJ31: =AH31*R31^AI31 -> 9.9487611
B32: Pressure, psia | E32: psi, in/sec | G32: Pressure, Mpa | J32: Mpa, mm/sec | M32: 5.93 | N32: =VLOOKUP($M32,kndxbn_,4,TRUE) -> 17.204186 | O32: =VLOOKUP($M32,kndxbn_,5,TRUE) -> -0.1481 | P32: =N32*M32^O32 -> 13.217361 | R32: =R31+($M$5-0.103) -> 3.414 | S32: =VLOOKUP($R32,knsobn_,4,TRUE) -> 7.8521658 | T32: =VLOOKUP($R32,knsobn_,5,TRUE) -> -0.013 | U32: =S32*R32^T32 -> 7.7278207 | V32: =$J$28 -> 5.13 | W32: =$K$28 -> 0.22 | X32: =V32*R32^W32 -> 6.7210223 | Y32: =$J$33 -> 8.26 | Z32: =$K$33 -> 0.319 | AA32: =Y32*R32^Z32 -> 12.22056 | AB32: =am_1 -> 2.9 | AC32: =nm_1 -> 0.4 | AD32: =AB32*R32^AC32 -> 4.7391822 | AE32: =$J$58 -> 6.5 | AF32: =$K$58 -> 0.628 | AG32: =AE32*R32^AF32 -> 14.054094 | AH32: =am_4 -> 7.4 | AI32: =nm_4 -> 0.25 | AJ32: =AH32*R32^AI32 -> 10.058833
B33: 14 | C33: to | D33: 1500 | E33: 0.0665 | F33: 0.319 | G33: 0.101 | H33: to | I33: 10.3 | J33: 8.26 | K33: 0.319 | M33: =M32+$M$5 -> 6.18 | N33: =VLOOKUP($M33,kndxbn_,4,TRUE) -> 17.204186 | O33: =VLOOKUP($M33,kndxbn_,5,TRUE) -> -0.1481 | P33: =N33*M33^O33 -> 13.136775 | R33: =R32+($M$5-0.103) -> 3.561 | S33: =VLOOKUP($R33,knsobn_,4,TRUE) -> 7.8521658 | T33: =VLOOKUP($R33,knsobn_,5,TRUE) -> -0.013 | U33: =S33*R33^T33 -> 7.7235867 | V33: =$J$28 -> 5.13 | W33: =$K$28 -> 0.22 | X33: =V33*R33^W33 -> 6.7836464 | Y33: =$J$33 -> 8.26 | Z33: =$K$33 -> 0.319 | AA33: =Y33*R33^Z33 -> 12.386012 | AB33: =am_1 -> 2.9 | AC33: =nm_1 -> 0.4 | AD33: =AB33*R33^AC33 -> 4.8197753 | AE33: =$J$58 -> 6.5 | AF33: =$K$58 -> 0.628 | AG33: =AE33*R33^AF33 -> 14.431137 | AH33: =am_4 -> 7.4 | AI33: =nm_4 -> 0.25 | AJ33: =AH33*R33^AI33 -> 10.165406
M34: =M33+$M$5 -> 6.43 | N34: =VLOOKUP($M34,kndxbn_,4,TRUE) -> 17.204186 | O34: =VLOOKUP($M34,kndxbn_,5,TRUE) -> -0.1481 | P34: =N34*M34^O34 -> 13.059847 | R34: 3.792 | S34: =VLOOKUP($R34,knsobn_,4,TRUE) -> 7.8521658 | T34: =VLOOKUP($R34,knsobn_,5,TRUE) -> -0.013 | U34: =S34*R34^T34 -> 7.7172785 | V34: =$J$28 -> 5.13 | W34: =$K$28 -> 0.22 | X34: =V34*R34^W34 -> 6.8780986 | Y34: =$J$33 -> 8.26 | Z34: =$K$33 -> 0.319 | AA34: =Y34*R34^Z34 -> 12.636856 | AB34: =am_1 -> 2.9 | AC34: =nm_1 -> 0.4 | AD34: =AB34*R34^AC34 -> 4.9424847 | AE34: =$J$58 -> 6.5 | AF34: =$K$58 -> 0.628 | AG34: =AE34*R34^AF34 -> 15.012142 | AH34: =am_4 -> 7.4 | AI34: =nm_4 -> 0.25 | AJ34: =AH34*R34^AI34 -> 10.326397
B35: Conditions for applicability of burn rate parameters: | M35: =M34+$M$5 -> 6.68 | N35: =VLOOKUP($M35,kndxbn_,4,TRUE) -> 17.204186 | O35: =VLOOKUP($M35,kndxbn_,5,TRUE) -> -0.1481 | P35: =N35*M35^O35 -> 12.986279 | R35: =R34+($M$5-0.103) -> 3.939 | S35: =VLOOKUP($R35,knsobn_,4,TRUE) -> 3.9067683 | T35: =VLOOKUP($R35,knsobn_,5,TRUE) -> 0.5354 | U35: =S35*R35^T35 -> 8.1393048 | V35: =$J$28 -> 5.13 | W35: =$K$28 -> 0.22 | X35: =V35*R35^W35 -> 6.9358913 | Y35: =$J$33 -> 8.26 | Z35: =$K$33 -> 0.319 | AA35: =Y35*R35^Z35 -> 12.791108 | AB35: =am_1 -> 2.9 | AC35: =nm_1 -> 0.4 | AD35: =AB35*R35^AC35 -> 5.0182511 | AE35: =$J$58 -> 6.5 | AF35: =$K$58 -> 0.628 | AG35: =AE35*R35^AF35 -> 15.375022 | AH35: =am_4 -> 7.4 | AI35: =nm_4 -> 0.25 | AJ35: =AH35*R35^AI35 -> 10.425052
B36: KNSB Fine, KNDX, KNFR and KNSU : | M36: =M35+$M$5 -> 6.93 | N36: =VLOOKUP($M36,kndxbn_,4,TRUE) -> 17.204186 | O36: =VLOOKUP($M36,kndxbn_,5,TRUE) -> -0.1481 | P36: =N36*M36^O36 -> 12.915807 | R36: =R35+($M$5-0.103) -> 4.086 | S36: =VLOOKUP($R36,knsobn_,4,TRUE) -> 3.9067683 | T36: =VLOOKUP($R36,knsobn_,5,TRUE) -> 0.5354 | U36: =S36*R36^T36 -> 8.3005486 | V36: =$J$28 -> 5.13 | W36: =$K$28 -> 0.22 | X36: =V36*R36^W36 -> 6.9920255 | Y36: =$J$33 -> 8.26 | Z36: =$K$33 -> 0.319 | AA36: =Y36*R36^Z36 -> 12.941488 | AB36: =am_1 -> 2.9 | AC36: =nm_1 -> 0.4 | AD36: =AB36*R36^AC36 -> 5.0923394 | AE36: =$J$58 -> 6.5 | AF36: =$K$58 -> 0.628 | AG36: =AE36*R36^AF36 -> 15.732898 | AH36: =am_4 -> 7.4 | AI36: =nm_4 -> 0.25 | AJ36: =AH36*R36^AI36 -> 10.520983
B37: Oxidizer particle size 60-125 mm majority [Note 1] | M37: =M36+$M$5 -> 7.18 | N37: =VLOOKUP($M37,kndxbn_,4,TRUE) -> 17.204186 | O37: =VLOOKUP($M37,kndxbn_,5,TRUE) -> -0.1481 | P37: =N37*M37^O37 -> 12.848195 | R37: =R36+($M$5-0.103) -> 4.233 | S37: =VLOOKUP($R37,knsobn_,4,TRUE) -> 3.9067683 | T37: =VLOOKUP($R37,knsobn_,5,TRUE) -> 0.5354 | U37: =S37*R37^T37 -> 8.4591191 | V37: =$J$28 -> 5.13 | W37: =$K$28 -> 0.22 | X37: =V37*R37^W37 -> 7.0466059 | Y37: =$J$33 -> 8.26 | Z37: =$K$33 -> 0.319 | AA37: =Y37*R37^Z37 -> 13.088228 | AB37: =am_1 -> 2.9 | AC37: =nm_1 -> 0.4 | AD37: =AB37*R37^AC37 -> 5.1648452 | AE37: =$J$58 -> 6.5 | AF37: =$K$58 -> 0.628 | AG37: =AE37*R37^AF37 -> 16.086015 | AH37: =am_4 -> 7.4 | AI37: =nm_4 -> 0.25 | AJ37: =AH37*R37^AI37 -> 10.614359
B38: Blending time (powdered) 1hr/100g. typical | M38: =M37+$M$5 -> 7.43 | N38: =VLOOKUP($M38,kndxbn_,4,TRUE) -> 17.204186 | O38: =VLOOKUP($M38,kndxbn_,5,TRUE) -> -0.1481 | P38: =N38*M38^O38 -> 12.783233 | R38: =R37+($M$5-0.103) -> 4.38 | S38: =VLOOKUP($R38,knsobn_,4,TRUE) -> 3.9067683 | T38: =VLOOKUP($R38,knsobn_,5,TRUE) -> 0.5354 | U38: =S38*R38^T38 -> 8.615151 | V38: =$J$28 -> 5.13 | W38: =$K$28 -> 0.22 | X38: =V38*R38^W38 -> 7.0997273 | Y38: =$J$33 -> 8.26 | Z38: =$K$33 -> 0.319 | AA38: =Y38*R38^Z38 -> 13.231537 | AB38: =am_1 -> 2.9 | AC38: =nm_1 -> 0.4 | AD38: =AB38*R38^AC38 -> 5.2358554 | AE38: =$J$58 -> 6.5 | AF38: =$K$58 -> 0.628 | AG38: =AE38*R38^AF38 -> 16.434598 | AH38: =am_4 -> 7.4 | AI38: =nm_4 -> 0.25 | AJ38: =AH38*R38^AI38 -> 10.705335
B39: Grain temperature 20C. | M39: =M38+$M$5 -> 7.68 | N39: =VLOOKUP($M39,kndxbn_,4,TRUE) -> 17.204186 | O39: =VLOOKUP($M39,kndxbn_,5,TRUE) -> -0.1481 | P39: =N39*M39^O39 -> 12.720733 | R39: =R38+($M$5-0.103) -> 4.527 | S39: =VLOOKUP($R39,knsobn_,4,TRUE) -> 3.9067683 | T39: =VLOOKUP($R39,knsobn_,5,TRUE) -> 0.5354 | U39: =S39*R39^T39 -> 8.7687683 | V39: =$J$28 -> 5.13 | W39: =$K$28 -> 0.22 | X39: =V39*R39^W39 -> 7.1514758 | Y39: =$J$33 -> 8.26 | Z39: =$K$33 -> 0.319 | AA39: =Y39*R39^Z39 -> 13.371607 | AB39: =am_1 -> 2.9 | AC39: =nm_1 -> 0.4 | AD39: =AB39*R39^AC39 -> 5.3054496 | AE39: =$J$58 -> 6.5 | AF39: =$K$58 -> 0.628 | AG39: =AE39*R39^AF39 -> 16.778856 | AH39: =am_4 -> 7.4 | AI39: =nm_4 -> 0.25 | AJ39: =AH39*R39^AI39 -> 10.794048
B40: KNSB Coarse, KNMN Coarse & KNER Coarse : | M40: =M39+$M$5 -> 7.93 | N40: =VLOOKUP($M40,kndxbn_,4,TRUE) -> 17.204186 | O40: =VLOOKUP($M40,kndxbn_,5,TRUE) -> -0.1481 | P40: =N40*M40^O40 -> 12.660527 | R40: =R39+($M$5-0.103) -> 4.674 | S40: =VLOOKUP($R40,knsobn_,4,TRUE) -> 3.9067683 | T40: =VLOOKUP($R40,knsobn_,5,TRUE) -> 0.5354 | U40: =S40*R40^T40 -> 8.9200849 | V40: =$J$28 -> 5.13 | W40: =$K$28 -> 0.22 | X40: =V40*R40^W40 -> 7.2019298 | Y40: =$J$33 -> 8.26 | Z40: =$K$33 -> 0.319 | AA40: =Y40*R40^Z40 -> 13.508613 | AB40: =am_1 -> 2.9 | AC40: =nm_1 -> 0.4 | AD40: =AB40*R40^AC40 -> 5.3737008 | AE40: =$J$58 -> 6.5 | AF40: =$K$58 -> 0.628 | AG40: =AE40*R40^AF40 -> 17.118979 | AH40: =am_4 -> 7.4 | AI40: =nm_4 -> 0.25 | AJ40: =AH40*R40^AI40 -> 10.880626
B41: Oxidizer particle size 150-250 mm majority [Note 2] | M41: =M40+$M$5 -> 8.18 | N41: =VLOOKUP($M41,kndxbn_,4,TRUE) -> 17.204186 | O41: =VLOOKUP($M41,kndxbn_,5,TRUE) -> -0.1481 | P41: =N41*M41^O41 -> 12.602461 | R41: =R40+($M$5-0.103) -> 4.821 | S41: =VLOOKUP($R41,knsobn_,4,TRUE) -> 3.9067683 | T41: =VLOOKUP($R41,knsobn_,5,TRUE) -> 0.5354 | U41: =S41*R41^T41 -> 9.0692062 | V41: =$J$28 -> 5.13 | W41: =$K$28 -> 0.22 | X41: =V41*R41^W41 -> 7.2511608 | Y41: =$J$33 -> 8.26 | Z41: =$K$33 -> 0.319 | AA41: =Y41*R41^Z41 -> 13.642715 | AB41: =am_1 -> 2.9 | AC41: =nm_1 -> 0.4 | AD41: =AB41*R41^AC41 -> 5.4406758 | AE41: =$J$58 -> 6.5 | AF41: =$K$58 -> 0.628 | AG41: =AE41*R41^AF41 -> 17.455146 | AH41: =am_4 -> 7.4 | AI41: =nm_4 -> 0.25 | AJ41: =AH41*R41^AI41 -> 10.965186
B42: Grain temperature 20C. | M42: 8.5 | N42: =VLOOKUP($M42,kndxbn_,4,TRUE) -> 17.204186 | O42: =VLOOKUP($M42,kndxbn_,5,TRUE) -> -0.1481 | P42: =N42*M42^O42 -> 12.531042 | R42: =R41+($M$5-0.103) -> 4.968 | S42: =VLOOKUP($R42,knsobn_,4,TRUE) -> 3.9067683 | T42: =VLOOKUP($R42,knsobn_,5,TRUE) -> 0.5354 | U42: =S42*R42^T42 -> 9.2162294 | V42: =$J$28 -> 5.13 | W42: =$K$28 -> 0.22 | X42: =V42*R42^W42 -> 7.2992345 | Y42: =$J$33 -> 8.26 | Z42: =$K$33 -> 0.319 | AA42: =Y42*R42^Z42 -> 13.77406 | AB42: =am_1 -> 2.9 | AC42: =nm_1 -> 0.4 | AD42: =AB42*R42^AC42 -> 5.5064365 | AE42: =$J$58 -> 6.5 | AF42: =$K$58 -> 0.628 | AG42: =AE42*R42^AF42 -> 17.78752 | AH42: =am_4 -> 7.4 | AI42: =nm_4 -> 0.25 | AJ42: =AH42*R42^AI42 -> 11.047833
B43: [1] Milled in electric coffee grinder for approx. 40 sec. | M43: =M42+$M$5 -> 8.75 | N43: =VLOOKUP($M43,kndxbn_,4,TRUE) -> 4.7752409 | O43: =VLOOKUP($M43,kndxbn_,5,TRUE) -> 0.4417 | P43: =N43*M43^O43 -> 12.447446 | R43: =R42+($M$5-0.103) -> 5.115 | S43: =VLOOKUP($R43,knsobn_,4,TRUE) -> 3.9067683 | T43: =VLOOKUP($R43,knsobn_,5,TRUE) -> 0.5354 | U43: =S43*R43^T43 -> 9.361245 | V43: =$J$28 -> 5.13 | W43: =$K$28 -> 0.22 | X43: =V43*R43^W43 -> 7.3462111 | Y43: =$J$33 -> 8.26 | Z43: =$K$33 -> 0.319 | AA43: =Y43*R43^Z43 -> 13.902785 | AB43: =am_1 -> 2.9 | AC43: =nm_1 -> 0.4 | AD43: =AB43*R43^AC43 -> 5.5710397 | AE43: =$J$58 -> 6.5 | AF43: =$K$58 -> 0.628 | AG43: =AE43*R43^AF43 -> 18.116255 | AH43: =am_4 -> 7.4 | AI43: =nm_4 -> 0.25 | AJ43: =AH43*R43^AI43 -> 11.128667
B44: [2] As obtained (fine granular) or prills milled in electric | M44: =M43+$M$5 -> 9 | N44: =VLOOKUP($M44,kndxbn_,4,TRUE) -> 4.7752409 | O44: =VLOOKUP($M44,kndxbn_,5,TRUE) -> 0.4417 | P44: =N44*M44^O44 -> 12.603298 | R44: =R43+($M$5-0.103) -> 5.262 | S44: =VLOOKUP($R44,knsobn_,4,TRUE) -> 3.9067683 | T44: =VLOOKUP($R44,knsobn_,5,TRUE) -> 0.5354 | U44: =S44*R44^T44 -> 9.5043368 | V44: =$J$28 -> 5.13 | W44: =$K$28 -> 0.22 | X44: =V44*R44^W44 -> 7.3921463 | Y44: =$J$33 -> 8.26 | Z44: =$K$33 -> 0.319 | AA44: =Y44*R44^Z44 -> 14.029015 | AB44: =am_1 -> 2.9 | AC44: =nm_1 -> 0.4 | AD44: =AB44*R44^AC44 -> 5.6345383 | AE44: =$J$58 -> 6.5 | AF44: =$K$58 -> 0.628 | AG44: =AE44*R44^AF44 -> 18.441493 | AH44: =am_4 -> 7.4 | AI44: =nm_4 -> 0.25 | AJ44: =AH44*R44^AI44 -> 11.207776
B45: coffee grinder approx. 5 sec. | M45: =M44+$M$5 -> 9.25 | N45: =VLOOKUP($M45,kndxbn_,4,TRUE) -> 4.7752409 | O45: =VLOOKUP($M45,kndxbn_,5,TRUE) -> 0.4417 | P45: =N45*M45^O45 -> 12.756751 | R45: =R44+($M$5-0.103) -> 5.409 | S45: =VLOOKUP($R45,knsobn_,4,TRUE) -> 3.9067683 | T45: =VLOOKUP($R45,knsobn_,5,TRUE) -> 0.5354 | U45: =S45*R45^T45 -> 9.6455831 | V45: =$J$28 -> 5.13 | W45: =$K$28 -> 0.22 | X45: =V45*R45^W45 -> 7.4370911 | Y45: =$J$33 -> 8.26 | Z45: =$K$33 -> 0.319 | AA45: =Y45*R45^Z45 -> 14.152865 | AB45: =am_1 -> 2.9 | AC45: =nm_1 -> 0.4 | AD45: =AB45*R45^AC45 -> 5.6969813 | AE45: =$J$58 -> 6.5 | AF45: =$K$58 -> 0.628 | AG45: =AE45*R45^AF45 -> 18.763369 | AH45: =am_4 -> 7.4 | AI45: =nm_4 -> 0.25 | AJ45: =AH45*R45^AI45 -> 11.285244
B46: [3] Coarse burn rate parameters courtesy Magnus Gudnasen. | M46: =M45+$M$5 -> 9.5 | N46: =VLOOKUP($M46,kndxbn_,4,TRUE) -> 4.7752409 | O46: =VLOOKUP($M46,kndxbn_,5,TRUE) -> 0.4417 | P46: =N46*M46^O46 -> 12.907906 | R46: =R45+($M$5-0.103) -> 5.556 | S46: =VLOOKUP($R46,knsobn_,4,TRUE) -> 3.9067683 | T46: =VLOOKUP($R46,knsobn_,5,TRUE) -> 0.5354 | U46: =S46*R46^T46 -> 9.7850569 | V46: =$J$28 -> 5.13 | W46: =$K$28 -> 0.22 | X46: =V46*R46^W46 -> 7.4810931 | Y46: =$J$33 -> 8.26 | Z46: =$K$33 -> 0.319 | AA46: =Y46*R46^Z46 -> 14.274444 | AB46: =am_1 -> 2.9 | AC46: =nm_1 -> 0.4 | AD46: =AB46*R46^AC46 -> 5.7584141 | AE46: =$J$58 -> 6.5 | AF46: =$K$58 -> 0.628 | AG46: =AE46*R46^AF46 -> 19.082007 | AH46: =am_4 -> 7.4 | AI46: =nm_4 -> 0.25 | AJ46: =AH46*R46^AI46 -> 11.36115
M47: =M46+$M$5 -> 9.75 | N47: =VLOOKUP($M47,kndxbn_,4,TRUE) -> 4.7752409 | O47: =VLOOKUP($M47,kndxbn_,5,TRUE) -> 0.4417 | P47: =N47*M47^O47 -> 13.056856 | R47: =R46+($M$5-0.103) -> 5.703 | S47: =VLOOKUP($R47,knsobn_,4,TRUE) -> 3.9067683 | T47: =VLOOKUP($R47,knsobn_,5,TRUE) -> 0.5354 | U47: =S47*R47^T47 -> 9.9228266 | V47: =$J$28 -> 5.13 | W47: =$K$28 -> 0.22 | X47: =V47*R47^W47 -> 7.5241961 | Y47: =$J$33 -> 8.26 | Z47: =$K$33 -> 0.319 | AA47: =Y47*R47^Z47 -> 14.393852 | AB47: =am_1 -> 2.9 | AC47: =nm_1 -> 0.4 | AD47: =AB47*R47^AC47 -> 5.8188793 | AE47: =$J$58 -> 6.5 | AF47: =$K$58 -> 0.628 | AG47: =AE47*R47^AF47 -> 19.397523 | AH47: =am_4 -> 7.4 | AI47: =nm_4 -> 0.25 | AJ47: =AH47*R47^AI47 -> 11.435563
B48: KNER Coarse Note [3] | M48: =M47+$M$5 -> 10 | N48: =VLOOKUP($M48,kndxbn_,4,TRUE) -> 4.7752409 | O48: =VLOOKUP($M48,kndxbn_,5,TRUE) -> 0.4417 | P48: =N48*M48^O48 -> 13.203689 | R48: =R47+($M$5-0.103) -> 5.85 | S48: =VLOOKUP($R48,knsobn_,4,TRUE) -> 3.9067683 | T48: =VLOOKUP($R48,knsobn_,5,TRUE) -> 0.5354 | U48: =S48*R48^T48 -> 10.058956 | V48: =$J$28 -> 5.13 | W48: =$K$28 -> 0.22 | X48: =V48*R48^W48 -> 7.5664411 | Y48: =$J$33 -> 8.26 | Z48: =$K$33 -> 0.319 | AA48: =Y48*R48^Z48 -> 14.511181 | AB48: =am_1 -> 2.9 | AC48: =nm_1 -> 0.4 | AD48: =AB48*R48^AC48 -> 5.8784164 | AE48: =$J$58 -> 6.5 | AF48: =$K$58 -> 0.628 | AG48: =AE48*R48^AF48 -> 19.710028 | AH48: =am_4 -> 7.4 | AI48: =nm_4 -> 0.25 | AJ48: =AH48*R48^AI48 -> 11.508552
M49: =M48+$M$5 -> 10.25 | N49: =VLOOKUP($M49,kndxbn_,4,TRUE) -> 4.7752409 | O49: =VLOOKUP($M49,kndxbn_,5,TRUE) -> 0.4417 | P49: =N49*M49^O49 -> 13.348486 | R49: =R48+($M$5-0.103) -> 5.997 | S49: =VLOOKUP($R49,knsobn_,4,TRUE) -> 3.9067683 | T49: =VLOOKUP($R49,knsobn_,5,TRUE) -> 0.5354 | U49: =S49*R49^T49 -> 10.193505 | V49: =$J$28 -> 5.13 | W49: =$K$28 -> 0.22 | X49: =V49*R49^W49 -> 7.607866 | Y49: =$J$33 -> 8.26 | Z49: =$K$33 -> 0.319 | AA49: =Y49*R49^Z49 -> 14.62652 | AB49: =am_1 -> 2.9 | AC49: =nm_1 -> 0.4 | AD49: =AB49*R49^AC49 -> 5.9370625 | AE49: =$J$58 -> 6.5 | AF49: =$K$58 -> 0.628 | AG49: =AE49*R49^AF49 -> 20.019625 | AH49: =am_4 -> 7.4 | AI49: =nm_4 -> 0.25 | AJ49: =AH49*R49^AI49 -> 11.580178
E50: a | F50: n | J50: a | K50: n | M50: =M49+$M$5 -> 10.5 | N50: =VLOOKUP($M50,kndxbn_,4,TRUE) -> 4.7752409 | O50: =VLOOKUP($M50,kndxbn_,5,TRUE) -> 0.4417 | P50: =N50*M50^O50 -> 13.491325 | R50: =R49+($M$5-0.103) -> 6.144 | S50: =VLOOKUP($R50,knsobn_,4,TRUE) -> 3.9067683 | T50: =VLOOKUP($R50,knsobn_,5,TRUE) -> 0.5354 | U50: =S50*R50^T50 -> 10.32653 | V50: =$J$28 -> 5.13 | W50: =$K$28 -> 0.22 | X50: =V50*R50^W50 -> 7.6485063 | Y50: =$J$33 -> 8.26 | Z50: =$K$33 -> 0.319 | AA50: =Y50*R50^Z50 -> 14.739949 | AB50: =am_1 -> 2.9 | AC50: =nm_1 -> 0.4 | AD50: =AB50*R50^AC50 -> 5.9948522 | AE50: =$J$58 -> 6.5 | AF50: =$K$58 -> 0.628 | AG50: =AE50*R50^AF50 -> 20.326412 | AH50: =am_4 -> 7.4 | AI50: =nm_4 -> 0.25 | AJ50: =AH50*R50^AI50 -> 11.650499
B51: Pressure, psia | E51: psi, in/sec | G51: Pressure, Mpa | J51: Mpa, mm/sec | M51: =M50+$M$5 -> 10.75 | N51: =VLOOKUP($M51,kndxbn_,4,TRUE) -> 4.7752409 | O51: =VLOOKUP($M51,kndxbn_,5,TRUE) -> 0.4417 | P51: =N51*M51^O51 -> 13.632277 | R51: =R50+($M$5-0.103) -> 6.291 | S51: =VLOOKUP($R51,knsobn_,4,TRUE) -> 3.9067683 | T51: =VLOOKUP($R51,knsobn_,5,TRUE) -> 0.5354 | U51: =S51*R51^T51 -> 10.458085 | V51: =$J$28 -> 5.13 | W51: =$K$28 -> 0.22 | X51: =V51*R51^W51 -> 7.6883951 | Y51: =$J$33 -> 8.26 | Z51: =$K$33 -> 0.319 | AA51: =Y51*R51^Z51 -> 14.851545 | AB51: =am_1 -> 2.9 | AC51: =nm_1 -> 0.4 | AD51: =AB51*R51^AC51 -> 6.0518182 | AE51: =$J$58 -> 6.5 | AF51: =$K$58 -> 0.628 | AG51: =AE51*R51^AF51 -> 20.630479 | AH51: =am_4 -> 7.4 | AI51: =nm_4 -> 0.25 | AJ51: =AH51*R51^AI51 -> 11.719569
B52: 14 | C52: to | D52: 1500 | E52: 0.0156 | F52: 0.4 | G52: 14 | H52: to | I52: 10.3 | J52: 2.9 | K52: 0.4 | M52: =M51+$M$5 -> 11 | N52: =VLOOKUP($M52,kndxbn_,4,TRUE) -> 4.7752409 | O52: =VLOOKUP($M52,kndxbn_,5,TRUE) -> 0.4417 | P52: =N52*M52^O52 -> 13.771411 | R52: =R51+($M$5-0.103) -> 6.438 | S52: =VLOOKUP($R52,knsobn_,4,TRUE) -> 3.9067683 | T52: =VLOOKUP($R52,knsobn_,5,TRUE) -> 0.5354 | U52: =S52*R52^T52 -> 10.588219 | V52: =$J$28 -> 5.13 | W52: =$K$28 -> 0.22 | X52: =V52*R52^W52 -> 7.7275634 | Y52: =$J$33 -> 8.26 | Z52: =$K$33 -> 0.319 | AA52: =Y52*R52^Z52 -> 14.961378 | AB52: =am_1 -> 2.9 | AC52: =nm_1 -> 0.4 | AD52: =AB52*R52^AC52 -> 6.107991 | AE52: =$J$58 -> 6.5 | AF52: =$K$58 -> 0.628 | AG52: =AE52*R52^AF52 -> 20.931915 | AH52: =am_4 -> 7.4 | AI52: =nm_4 -> 0.25 | AJ52: =AH52*R52^AI52 -> 11.787439
M53: =M52+$M$5 -> 11.25 | N53: =VLOOKUP($M53,kndxbn_,4,TRUE) -> 4.7752409 | O53: =VLOOKUP($M53,kndxbn_,5,TRUE) -> 0.4417 | P53: =N53*M53^O53 -> 13.90879 | R53: =R52+($M$5-0.103) -> 6.585 | S53: =VLOOKUP($R53,knsobn_,4,TRUE) -> 3.9067683 | T53: =VLOOKUP($R53,knsobn_,5,TRUE) -> 0.5354 | U53: =S53*R53^T53 -> 10.71698 | V53: =$J$28 -> 5.13 | W53: =$K$28 -> 0.22 | X53: =V53*R53^W53 -> 7.7660402 | Y53: =$J$33 -> 8.26 | Z53: =$K$33 -> 0.319 | AA53: =Y53*R53^Z53 -> 15.069517 | AB53: =am_1 -> 2.9 | AC53: =nm_1 -> 0.4 | AD53: =AB53*R53^AC53 -> 6.1633994 | AE53: =$J$58 -> 6.5 | AF53: =$K$58 -> 0.628 | AG53: =AE53*R53^AF53 -> 21.230801 | AH53: =am_4 -> 7.4 | AI53: =nm_4 -> 0.25 | AJ53: =AH53*R53^AI53 -> 11.854157
B54: KNPSB | M54: =M53+$M$5 -> 11.5 | N54: =VLOOKUP($M54,kndxbn_,4,TRUE) -> 4.7752409 | O54: =VLOOKUP($M54,kndxbn_,5,TRUE) -> 0.4417 | P54: =N54*M54^O54 -> 14.044475 | R54: =R53+($M$5-0.103) -> 6.732 | S54: =VLOOKUP($R54,knsobn_,4,TRUE) -> 3.9067683 | T54: =VLOOKUP($R54,knsobn_,5,TRUE) -> 0.5354 | U54: =S54*R54^T54 -> 10.844412 | V54: =$J$28 -> 5.13 | W54: =$K$28 -> 0.22 | X54: =V54*R54^W54 -> 7.8038528 | Y54: =$J$33 -> 8.26 | Z54: =$K$33 -> 0.319 | AA54: =Y54*R54^Z54 -> 15.176024 | AB54: =am_1 -> 2.9 | AC54: =nm_1 -> 0.4 | AD54: =AB54*R54^AC54 -> 6.2180705 | AE54: =$J$58 -> 6.5 | AF54: =$K$58 -> 0.628 | AG54: =AE54*R54^AF54 -> 21.527215 | AH54: =am_4 -> 7.4 | AI54: =nm_4 -> 0.25 | AJ54: =AH54*R54^AI54 -> 11.919766
R55: =R54+($M$5-0.103) -> 6.879 | S55: =VLOOKUP($R55,knsobn_,4,TRUE) -> 3.9067683 | T55: =VLOOKUP($R55,knsobn_,5,TRUE) -> 0.5354 | U55: =S55*R55^T55 -> 10.970558 | V55: =$J$28 -> 5.13 | W55: =$K$28 -> 0.22 | X55: =V55*R55^W55 -> 7.8410267 | Y55: =$J$33 -> 8.26 | Z55: =$K$33 -> 0.319 | AA55: =Y55*R55^Z55 -> 15.280959 | AB55: =am_1 -> 2.9 | AC55: =nm_1 -> 0.4 | AD55: =AB55*R55^AC55 -> 6.2720299 | AE55: =$J$58 -> 6.5 | AF55: =$K$58 -> 0.628 | AG55: =AE55*R55^AF55 -> 21.821231 | AH55: =am_4 -> 7.4 | AI55: =nm_4 -> 0.25 | AJ55: =AH55*R55^AI55 -> 11.98431
E56: a | F56: n | J56: a | K56: n | R56: 7.033 | S56: =VLOOKUP($R56,knsobn_,4,TRUE) -> 9.6532036 | T56: =VLOOKUP($R56,knsobn_,5,TRUE) -> 0.0638 | U56: =S56*R56^T56 -> 10.932489 | V56: =$J$28 -> 5.13 | W56: =$K$28 -> 0.22 | X56: =V56*R56^W56 -> 7.8793121 | Y56: =$J$33 -> 8.26 | Z56: =$K$33 -> 0.319 | AA56: =Y56*R56^Z56 -> 15.389266 | AB56: =am_1 -> 2.9 | AC56: =nm_1 -> 0.4 | AD56: =AB56*R56^AC56 -> 6.3278219 | AE56: =$J$58 -> 6.5 | AF56: =$K$58 -> 0.628 | AG56: =AE56*R56^AF56 -> 22.126752 | AH56: =am_4 -> 7.4 | AI56: =nm_4 -> 0.25 | AJ56: =AH56*R56^AI56 -> 12.050828
B57: Pressure, psia | E57: psi, in/sec | G57: Pressure, Mpa | J57: Mpa, mm/sec | R57: =R56+($M$5-0.103) -> 7.18 | S57: =VLOOKUP($R57,knsobn_,4,TRUE) -> 9.6532036 | T57: =VLOOKUP($R57,knsobn_,5,TRUE) -> 0.0638 | U57: =S57*R57^T57 -> 10.946927 | V57: =$J$28 -> 5.13 | W57: =$K$28 -> 0.22 | X57: =V57*R57^W57 -> 7.9152519 | Y57: =$J$33 -> 8.26 | Z57: =$K$33 -> 0.319 | AA57: =Y57*R57^Z57 -> 15.491153 | AB57: =am_1 -> 2.9 | AC57: =nm_1 -> 0.4 | AD57: =AB57*R57^AC57 -> 6.3803981 | AE57: =$J$58 -> 6.5 | AF57: =$K$58 -> 0.628 | AG57: =AE57*R57^AF57 -> 22.416072 | AH57: =am_4 -> 7.4 | AI57: =nm_4 -> 0.25 | AJ57: =AH57*R57^AI57 -> 12.11331
B58: 14 | C58: to | D58: 1500 | E58: 0.0112 | F58: 0.628 | G58: 14 | H58: to | I58: 10.3 | J58: 6.5 | K58: 0.628 | R58: =R57+($M$5-0.103) -> 7.327 | S58: =VLOOKUP($R58,knsobn_,4,TRUE) -> 9.6532036 | T58: =VLOOKUP($R58,knsobn_,5,TRUE) -> 0.0638 | U58: =S58*R58^T58 -> 10.96109 | V58: =$J$28 -> 5.13 | W58: =$K$28 -> 0.22 | X58: =V58*R58^W58 -> 7.9506224 | Y58: =$J$33 -> 8.26 | Z58: =$K$33 -> 0.319 | AA58: =Y58*R58^Z58 -> 15.591629 | AB58: =am_1 -> 2.9 | AC58: =nm_1 -> 0.4 | AD58: =AB58*R58^AC58 -> 6.4323323 | AE58: =$J$58 -> 6.5 | AF58: =$K$58 -> 0.628 | AG58: =AE58*R58^AF58 -> 22.703196 | AH58: =am_4 -> 7.4 | AI58: =nm_4 -> 0.25 | AJ58: =AH58*R58^AI58 -> 12.17484
R59: =R58+($M$5-0.103) -> 7.474 | S59: =VLOOKUP($R59,knsobn_,4,TRUE) -> 9.6532036 | T59: =VLOOKUP($R59,knsobn_,5,TRUE) -> 0.0638 | U59: =S59*R59^T59 -> 10.974991 | V59: =$J$28 -> 5.13 | W59: =$K$28 -> 0.22 | X59: =V59*R59^W59 -> 7.9854436 | Y59: =$J$33 -> 8.26 | Z59: =$K$33 -> 0.319 | AA59: =Y59*R59^Z59 -> 15.690742 | AB59: =am_1 -> 2.9 | AC59: =nm_1 -> 0.4 | AD59: =AB59*R59^AC59 -> 6.4836451 | AE59: =$J$58 -> 6.5 | AF59: =$K$58 -> 0.628 | AG59: =AE59*R59^AF59 -> 22.988186 | AH59: =am_4 -> 7.4 | AI59: =nm_4 -> 0.25 | AJ59: =AH59*R59^AI59 -> 12.235451
B60: KNFR | R60: =R59+($M$5-0.103) -> 7.621 | S60: =VLOOKUP($R60,knsobn_,4,TRUE) -> 9.6532036 | T60: =VLOOKUP($R60,knsobn_,5,TRUE) -> 0.0638 | U60: =S60*R60^T60 -> 10.988637 | V60: =$J$28 -> 5.13 | W60: =$K$28 -> 0.22 | X60: =V60*R60^W60 -> 8.0197346 | Y60: =$J$33 -> 8.26 | Z60: =$K$33 -> 0.319 | AA60: =Y60*R60^Z60 -> 15.788536 | AB60: =am_1 -> 2.9 | AC60: =nm_1 -> 0.4 | AD60: =AB60*R60^AC60 -> 6.5343559 | AE60: =$J$58 -> 6.5 | AF60: =$K$58 -> 0.628 | AG60: =AE60*R60^AF60 -> 23.271098 | AH60: =am_4 -> 7.4 | AI60: =nm_4 -> 0.25 | AJ60: =AH60*R60^AI60 -> 12.295175
R61: =R60+($M$5-0.103) -> 7.768 | S61: =VLOOKUP($R61,knsobn_,4,TRUE) -> 9.6532036 | T61: =VLOOKUP($R61,knsobn_,5,TRUE) -> 0.0638 | U61: =S61*R61^T61 -> 11.002039 | V61: =$J$28 -> 5.13 | W61: =$K$28 -> 0.22 | X61: =V61*R61^W61 -> 8.0535135 | Y61: =$J$33 -> 8.26 | Z61: =$K$33 -> 0.319 | AA61: =Y61*R61^Z61 -> 15.885054 | AB61: =am_1 -> 2.9 | AC61: =nm_1 -> 0.4 | AD61: =AB61*R61^AC61 -> 6.5844831 | AE61: =$J$58 -> 6.5 | AF61: =$K$58 -> 0.628 | AG61: =AE61*R61^AF61 -> 23.551987 | AH61: =am_4 -> 7.4 | AI61: =nm_4 -> 0.25 | AJ61: =AH61*R61^AI61 -> 12.354041
E62: a | F62: n | J62: a | K62: n | R62: =R61+($M$5-0.103) -> 7.915 | S62: =VLOOKUP($R62,knsobn_,4,TRUE) -> 9.6532036 | T62: =VLOOKUP($R62,knsobn_,5,TRUE) -> 0.0638 | U62: =S62*R62^T62 -> 11.015206 | V62: =$J$28 -> 5.13 | W62: =$K$28 -> 0.22 | X62: =V62*R62^W62 -> 8.0867975 | Y62: =$J$33 -> 8.26 | Z62: =$K$33 -> 0.319 | AA62: =Y62*R62^Z62 -> 15.980335 | AB62: =am_1 -> 2.9 | AC62: =nm_1 -> 0.4 | AD62: =AB62*R62^AC62 -> 6.6340443 | AE62: =$J$58 -> 6.5 | AF62: =$K$58 -> 0.628 | AG62: =AE62*R62^AF62 -> 23.830905 | AH62: =am_4 -> 7.4 | AI62: =nm_4 -> 0.25 | AJ62: =AH62*R62^AI62 -> 12.412077
B63: Pressure, psia | E63: psi, in/sec | G63: Pressure, Mpa | J63: Mpa, mm/sec | R63: =R62+($M$5-0.103) -> 8.062 | S63: =VLOOKUP($R63,knsobn_,4,TRUE) -> 9.6532036 | T63: =VLOOKUP($R63,knsobn_,5,TRUE) -> 0.0638 | U63: =S63*R63^T63 -> 11.028146 | V63: =$J$28 -> 5.13 | W63: =$K$28 -> 0.22 | X63: =V63*R63^W63 -> 8.1196027 | Y63: =$J$33 -> 8.26 | Z63: =$K$33 -> 0.319 | AA63: =Y63*R63^Z63 -> 16.07442 | AB63: =am_1 -> 2.9 | AC63: =nm_1 -> 0.4 | AD63: =AB63*R63^AC63 -> 6.6830562 | AE63: =$J$58 -> 6.5 | AF63: =$K$58 -> 0.628 | AG63: =AE63*R63^AF63 -> 24.107903 | AH63: =am_4 -> 7.4 | AI63: =nm_4 -> 0.25 | AJ63: =AH63*R63^AI63 -> 12.46931
B64: 14 | C64: to | D64: 1500 | E64: 0.08393 | F64: 0.25 | G64: 14 | H64: to | I64: 10.3 | J64: 7.4 | K64: 0.25 | R64: =R63+($M$5-0.103) -> 8.209 | S64: =VLOOKUP($R64,knsobn_,4,TRUE) -> 9.6532036 | T64: =VLOOKUP($R64,knsobn_,5,TRUE) -> 0.0638 | U64: =S64*R64^T64 -> 11.040867 | V64: =$J$28 -> 5.13 | W64: =$K$28 -> 0.22 | X64: =V64*R64^W64 -> 8.1519446 | Y64: =$J$33 -> 8.26 | Z64: =$K$33 -> 0.319 | AA64: =Y64*R64^Z64 -> 16.167343 | AB64: =am_1 -> 2.9 | AC64: =nm_1 -> 0.4 | AD64: =AB64*R64^AC64 -> 6.7315349 | AE64: =$J$58 -> 6.5 | AF64: =$K$58 -> 0.628 | AG64: =AE64*R64^AF64 -> 24.383028 | AH64: =am_4 -> 7.4 | AI64: =nm_4 -> 0.25 | AJ64: =AH64*R64^AI64 -> 12.525766
R65: =R64+($M$5-0.103) -> 8.356 | S65: =VLOOKUP($R65,knsobn_,4,TRUE) -> 9.6532036 | T65: =VLOOKUP($R65,knsobn_,5,TRUE) -> 0.0638 | U65: =S65*R65^T65 -> 11.053377 | V65: =$J$28 -> 5.13 | W65: =$K$28 -> 0.22 | X65: =V65*R65^W65 -> 8.1838379 | Y65: =$J$33 -> 8.26 | Z65: =$K$33 -> 0.319 | AA65: =Y65*R65^Z65 -> 16.259139 | AB65: =am_1 -> 2.9 | AC65: =nm_1 -> 0.4 | AD65: =AB65*R65^AC65 -> 6.7794954 | AE65: =$J$58 -> 6.5 | AF65: =$K$58 -> 0.628 | AG65: =AE65*R65^AF65 -> 24.656326 | AH65: =am_4 -> 7.4 | AI65: =nm_4 -> 0.25 | AJ65: =AH65*R65^AI65 -> 12.581468
R66: =R65+($M$5-0.103) -> 8.503 | S66: =VLOOKUP($R66,knsobn_,4,TRUE) -> 9.6532036 | T66: =VLOOKUP($R66,knsobn_,5,TRUE) -> 0.0638 | U66: =S66*R66^T66 -> 11.065682 | V66: =$J$28 -> 5.13 | W66: =$K$28 -> 0.22 | X66: =V66*R66^W66 -> 8.2152965 | Y66: =$J$33 -> 8.26 | Z66: =$K$33 -> 0.319 | AA66: =Y66*R66^Z66 -> 16.349842 | AB66: =am_1 -> 2.9 | AC66: =nm_1 -> 0.4 | AD66: =AB66*R66^AC66 -> 6.8269523 | AE66: =$J$58 -> 6.5 | AF66: =$K$58 -> 0.628 | AG66: =AE66*R66^AF66 -> 24.927842 | AH66: =am_4 -> 7.4 | AI66: =nm_4 -> 0.25 | AJ66: =AH66*R66^AI66 -> 12.636441
R67: =R66+($M$5-0.103) -> 8.65 | S67: =VLOOKUP($R67,knsobn_,4,TRUE) -> 9.6532036 | T67: =VLOOKUP($R67,knsobn_,5,TRUE) -> 0.0638 | U67: =S67*R67^T67 -> 11.077789 | V67: =$J$28 -> 5.13 | W67: =$K$28 -> 0.22 | X67: =V67*R67^W67 -> 8.2463338 | Y67: =$J$33 -> 8.26 | Z67: =$K$33 -> 0.319 | AA67: =Y67*R67^Z67 -> 16.439484 | AB67: =am_1 -> 2.9 | AC67: =nm_1 -> 0.4 | AD67: =AB67*R67^AC67 -> 6.8739195 | AE67: =$J$58 -> 6.5 | AF67: =$K$58 -> 0.628 | AG67: =AE67*R67^AF67 -> 25.197617 | AH67: =am_4 -> 7.4 | AI67: =nm_4 -> 0.25 | AJ67: =AH67*R67^AI67 -> 12.690705
R68: =R67+($M$5-0.103) -> 8.797 | S68: =VLOOKUP($R68,knsobn_,4,TRUE) -> 9.6532036 | T68: =VLOOKUP($R68,knsobn_,5,TRUE) -> 0.0638 | U68: =S68*R68^T68 -> 11.089706 | V68: =$J$28 -> 5.13 | W68: =$K$28 -> 0.22 | X68: =V68*R68^W68 -> 8.2769623 | Y68: =$J$33 -> 8.26 | Z68: =$K$33 -> 0.319 | AA68: =Y68*R68^Z68 -> 16.528094 | AB68: =am_1 -> 2.9 | AC68: =nm_1 -> 0.4 | AD68: =AB68*R68^AC68 -> 6.9204102 | AE68: =$J$58 -> 6.5 | AF68: =$K$58 -> 0.628 | AG68: =AE68*R68^AF68 -> 25.465692 | AH68: =am_4 -> 7.4 | AI68: =nm_4 -> 0.25 | AJ68: =AH68*R68^AI68 -> 12.744282
R69: =R68+($M$5-0.103) -> 8.944 | S69: =VLOOKUP($R69,knsobn_,4,TRUE) -> 9.6532036 | T69: =VLOOKUP($R69,knsobn_,5,TRUE) -> 0.0638 | U69: =S69*R69^T69 -> 11.101437 | V69: =$J$28 -> 5.13 | W69: =$K$28 -> 0.22 | X69: =V69*R69^W69 -> 8.3071941 | Y69: =$J$33 -> 8.26 | Z69: =$K$33 -> 0.319 | AA69: =Y69*R69^Z69 -> 16.615702 | AB69: =am_1 -> 2.9 | AC69: =nm_1 -> 0.4 | AD69: =AB69*R69^AC69 -> 6.966437 | AE69: =$J$58 -> 6.5 | AF69: =$K$58 -> 0.628 | AG69: =AE69*R69^AF69 -> 25.732105 | AH69: =am_4 -> 7.4 | AI69: =nm_4 -> 0.25 | AJ69: =AH69*R69^AI69 -> 12.797191
R70: =R69+($M$5-0.103) -> 9.091 | S70: =VLOOKUP($R70,knsobn_,4,TRUE) -> 9.6532036 | T70: =VLOOKUP($R70,knsobn_,5,TRUE) -> 0.0638 | U70: =S70*R70^T70 -> 11.112989 | V70: =$J$28 -> 5.13 | W70: =$K$28 -> 0.22 | X70: =V70*R70^W70 -> 8.3370409 | Y70: =$J$33 -> 8.26 | Z70: =$K$33 -> 0.319 | AA70: =Y70*R70^Z70 -> 16.702334 | AB70: =am_1 -> 2.9 | AC70: =nm_1 -> 0.4 | AD70: =AB70*R70^AC70 -> 7.0120122 | AE70: =$J$58 -> 6.5 | AF70: =$K$58 -> 0.628 | AG70: =AE70*R70^AF70 -> 25.996895 | AH70: =am_4 -> 7.4 | AI70: =nm_4 -> 0.25 | AJ70: =AH70*R70^AI70 -> 12.849453
R71: =R70+($M$5-0.103) -> 9.238 | S71: =VLOOKUP($R71,knsobn_,4,TRUE) -> 9.6532036 | T71: =VLOOKUP($R71,knsobn_,5,TRUE) -> 0.0638 | U71: =S71*R71^T71 -> 11.124368 | V71: =$J$28 -> 5.13 | W71: =$K$28 -> 0.22 | X71: =V71*R71^W71 -> 8.3665135 | Y71: =$J$33 -> 8.26 | Z71: =$K$33 -> 0.319 | AA71: =Y71*R71^Z71 -> 16.788018 | AB71: =am_1 -> 2.9 | AC71: =nm_1 -> 0.4 | AD71: =AB71*R71^AC71 -> 7.0571473 | AE71: =$J$58 -> 6.5 | AF71: =$K$58 -> 0.628 | AG71: =AE71*R71^AF71 -> 26.260096 | AH71: =am_4 -> 7.4 | AI71: =nm_4 -> 0.25 | AJ71: =AH71*R71^AI71 -> 12.901084
R72: =R71+($M$5-0.103) -> 9.385 | S72: =VLOOKUP($R72,knsobn_,4,TRUE) -> 9.6532036 | T72: =VLOOKUP($R72,knsobn_,5,TRUE) -> 0.0638 | U72: =S72*R72^T72 -> 11.135578 | V72: =$J$28 -> 5.13 | W72: =$K$28 -> 0.22 | X72: =V72*R72^W72 -> 8.3956226 | Y72: =$J$33 -> 8.26 | Z72: =$K$33 -> 0.319 | AA72: =Y72*R72^Z72 -> 16.872778 | AB72: =am_1 -> 2.9 | AC72: =nm_1 -> 0.4 | AD72: =AB72*R72^AC72 -> 7.1018535 | AE72: =$J$58 -> 6.5 | AF72: =$K$58 -> 0.628 | AG72: =AE72*R72^AF72 -> 26.521744 | AH72: =am_4 -> 7.4 | AI72: =nm_4 -> 0.25 | AJ72: =AH72*R72^AI72 -> 12.952103
R73: =R72+($M$5-0.103) -> 9.532 | S73: =VLOOKUP($R73,knsobn_,4,TRUE) -> 9.6532036 | T73: =VLOOKUP($R73,knsobn_,5,TRUE) -> 0.0638 | U73: =S73*R73^T73 -> 11.146625 | V73: =$J$28 -> 5.13 | W73: =$K$28 -> 0.22 | X73: =V73*R73^W73 -> 8.4243781 | Y73: =$J$33 -> 8.26 | Z73: =$K$33 -> 0.319 | AA73: =Y73*R73^Z73 -> 16.956638 | AB73: =am_1 -> 2.9 | AC73: =nm_1 -> 0.4 | AD73: =AB73*R73^AC73 -> 7.1461415 | AE73: =$J$58 -> 6.5 | AF73: =$K$58 -> 0.628 | AG73: =AE73*R73^AF73 -> 26.781872 | AH73: =am_4 -> 7.4 | AI73: =nm_4 -> 0.25 | AJ73: =AH73*R73^AI73 -> 13.002526
R74: =R73+($M$5-0.103) -> 9.679 | S74: =VLOOKUP($R74,knsobn_,4,TRUE) -> 9.6532036 | T74: =VLOOKUP($R74,knsobn_,5,TRUE) -> 0.0638 | U74: =S74*R74^T74 -> 11.157514 | V74: =$J$28 -> 5.13 | W74: =$K$28 -> 0.22 | X74: =V74*R74^W74 -> 8.4527899 | Y74: =$J$33 -> 8.26 | Z74: =$K$33 -> 0.319 | AA74: =Y74*R74^Z74 -> 17.039623 | AB74: =am_1 -> 2.9 | AC74: =nm_1 -> 0.4 | AD74: =AB74*R74^AC74 -> 7.1900216 | AE74: =$J$58 -> 6.5 | AF74: =$K$58 -> 0.628 | AG74: =AE74*R74^AF74 -> 27.040512 | AH74: =am_4 -> 7.4 | AI74: =nm_4 -> 0.25 | AJ74: =AH74*R74^AI74 -> 13.052369
R75: =R74+($M$5-0.103) -> 9.826 | S75: =VLOOKUP($R75,knsobn_,4,TRUE) -> 9.6532036 | T75: =VLOOKUP($R75,knsobn_,5,TRUE) -> 0.0638 | U75: =S75*R75^T75 -> 11.168249 | V75: =$J$28 -> 5.13 | W75: =$K$28 -> 0.22 | X75: =V75*R75^W75 -> 8.480867 | Y75: =$J$33 -> 8.26 | Z75: =$K$33 -> 0.319 | AA75: =Y75*R75^Z75 -> 17.121753 | AB75: =am_1 -> 2.9 | AC75: =nm_1 -> 0.4 | AD75: =AB75*R75^AC75 -> 7.2335036 | AE75: =$J$58 -> 6.5 | AF75: =$K$58 -> 0.628 | AG75: =AE75*R75^AF75 -> 27.297694 | AH75: =am_4 -> 7.4 | AI75: =nm_4 -> 0.25 | AJ75: =AH75*R75^AI75 -> 13.101647
R76: =R75+($M$5-0.103) -> 9.973 | S76: =VLOOKUP($R76,knsobn_,4,TRUE) -> 9.6532036 | T76: =VLOOKUP($R76,knsobn_,5,TRUE) -> 0.0638 | U76: =S76*R76^T76 -> 11.178835 | V76: =$J$28 -> 5.13 | W76: =$K$28 -> 0.22 | X76: =V76*R76^W76 -> 8.5086184 | Y76: =$J$33 -> 8.26 | Z76: =$K$33 -> 0.319 | AA76: =Y76*R76^Z76 -> 17.203051 | AB76: =am_1 -> 2.9 | AC76: =nm_1 -> 0.4 | AD76: =AB76*R76^AC76 -> 7.276597 | AE76: =$J$58 -> 6.5 | AF76: =$K$58 -> 0.628 | AG76: =AE76*R76^AF76 -> 27.553449 | AH76: =am_4 -> 7.4 | AI76: =nm_4 -> 0.25 | AJ76: =AH76*R76^AI76 -> 13.150376
... R83: =R82+($M$5-0.103) -> 11.002 | S83: =VLOOKUP($R83,knsobn_,4,TRUE) -> 9.6532036 | T83: =VLOOKUP($R83,knsobn_,5,TRUE) -> 0.0638 | U83: =S83*R83^T83 -> 11.249089 | V83: =$J$28 -> 5.13 | W83: =$K$28 -> 0.22 | X83: =V83*R83^W83 -> 8.6944302 | Y83: =$J$33 -> 8.26 | Z83: =$K$33 -> 0.319 | AA83: =Y83*R83^Z83 -> 17.750455 | AB83: =am_1 -> 2.9 | AC83: =nm_1 -> 0.4 | AD83: =AB83*R83^AC83 -> 7.5680964 | AE83: =$J$58 -> 6.5 | AF83: =$K$58 -> 0.628 | AG83: =AE83*R83^AF83 -> 29.306068 | AH83: =am_4 -> 7.4 | AI83: =nm_4 -> 0.25 | AJ83: =AH83*R83^AI83 -> 13.477199

Sheet Class
C3: Rocket Motor Classification
C4: Class | D4: Total Impulse
D5: (Newton-sec.)
A6: 1.26 | B6: =D6 -> 1.26 | C6: A | D6: 1.26 | E6: - | F6: 2.5
A7: 2.5 | B7: =D7 -> 2.5 | C7: B | D7: 2.5 | E7: - | F7: 5
A8: 5 | B8: =D8 -> 5 | C8: C | D8: 5 | E8: - | F8: 10
A9: 10 | B9: =D9 -> 10 | C9: D | D9: 10 | E9: - | F9: 20
A10: 20 | B10: =D10 -> 20 | C10: E | D10: 20 | E10: - | F10: 40
A11: 40 | B11: =D11 -> 40 | C11: F | D11: 40 | E11: - | F11: 80
A12: 80 | B12: =D12 -> 80 | C12: G | D12: 80 | E12: - | F12: 160
A13: 160 | B13: =D13 -> 160 | C13: H | D13: 160 | E13: - | F13: 320
A14: 320 | B14: =D14 -> 320 | C14: I | D14: 320 | E14: - | F14: 640
A15: 640 | B15: =D15 -> 640 | C15: J | D15: 640 | E15: - | F15: 1280
A16: 1280 | B16: =D16 -> 1280 | C16: K | D16: 1280 | E16: - | F16: 2560
A17: 2560 | B17: =D17 -> 2560 | C17: L | D17: 2560 | E17: - | F17: 5120
... A21: 40960 | B21: =D21 -> 40960 | C21: P | D21: 40960 | E21: - | F21: 81920
A22: 81920 | B22: =D22 -> 81920 | C22: Q | D22: =F21 -> 81920 | E22: - | F22: =2*F21 -> 163840
B23: =D23 -> 163840 | C23: R | D23: =F22 -> 163840 | E23: - | F23: =2*F22 -> 327680
B24: =D24 -> 327680 | C24: S | D24: =F23 -> 327680 | E24: - | F24: =2*F23 -> 655360
B25: =D25 -> 655360 | C25: T | D25: =F24 -> 655360 | E25: - | F25: =2*F24 -> 1310720
B26: =D26 -> 1310720 | C26: U | D26: =F25 -> 1310720 | E26: - | F26: =2*F25 -> 2621440
B27: =D27 -> 2621440 | C27: V | D27: =F26 -> 2621440 | E27: - | F27: =2*F26 -> 5242880

Sheet UnitsConv
B5: English -> Metric Converter | H5: Metric -> English Converter
B7: Length | C7: 2 | D7: inch -> | E7: =C7*25.4 -> 50.8 | F7: mm. | H7: Length | I7: 25 | J7: mm. -> | K7: =I7/25.4 -> 0.98425197 | L7: inch
B8: Length | C8: 2 | D8: inch -> | E8: =C8*2.54 -> 5.08 | F8: cm. | H8: Length | I8: 10 | J8: cm. -> | K8: =I8/2.54 -> 3.9370079 | L8: inch
B9: Mass | C9: 1 | D9: lb(mass) -> | E9: =C9*0.4536 -> 0.4536 | F9: kg. | H9: Mass | I9: 1 | J9: kg. -> | K9: =I9/0.4536 -> 2.2045855 | L9: lb(mass)
B10: Force | C10: 1 | D10: lb(force) -> | E10: =C10*4.448 -> 4.448 | F10: N. | H10: Force | I10: 100 | J10: N. -> | K10: =I10/4.448 -> 22.482014 | L10: lb(force)
B11: Density | C11: 0.05736 | D11: lb/in3 -> | E11: =C11*453.6/2.54^3 -> 1.587746 | F11: g/cm3 | H11: Density | I11: 1.8 | J11: g/cm3 -> | K11: =I11/453.6*2.54^3 -> 0.065028032 | L11: lb/in3
B12: Pressure | C12: 1000 | D12: lb/in2 -> | E12: =C12*6895/1000000 -> 6.895 | F12: MPa. | H12: Pressure | I12: 5.515 | J12: MPa. -> | K12: =I12/6895*1000000 -> 799.85497 | L12: lb/in2
B13: Area | C13: 0.2 | D13: in2 -> | E13: =C13*25.4^2 -> 129.032 | F13: mm2 | H13: Area | I13: 80 | J13: mm2 -> | K13: =I13/25.4^2 -> 0.12400025 | L13: in2
B14: Impulse | C14: 120 | D14: lb-sec -> | E14: =C14*4.448 -> 533.76 | F14: N-sec. | H14: Impulse | I14: 450 | J14: N-sec. -> | K14: =I14/4.448 -> 101.16906 | L14: lb-sec
B15: Temperature | C15: 80 | D15: deg.F. -> | E15: =(C15-32)/9*5 -> 26.666667 | F15: deg.C. | H15: Temperature | I15: 100 | J15: deg.C.-> | K15: =I15/5*9+32 -> 212 | L15: deg.F.
B16: Abs. temperature | C16: 2700 | D16: R. -> | E16: =5/9*C16 -> 1500 | F16: K. | H16: Abs. temperature | I16: 1600 | J16: K. -> | K16: =9/5*I16 -> 2880 | L16: R.

Sheet Revisions
B2: Record of Revisions
B4: Version | C4: Date | D4: Worksheet | E4: Changes
B5: Beta | C5: 1 Dec. 99 | D5: - | E5: - Original release.
B6: Beta-1 | C6: 1 Sep. 00 | D6: Performance | E6: - Revised perfomance to take into account varying Ae/At due to throat erosion.
E7: - Added web fraction calculation.
E8: - Edited comment for nozzle efficiency.
D9: Data and Kn | E9: - Added volumetric loading fraction calculation.
B10: 1.00 | C10: 6 April 02 | D10: Propellant data | E10: - k for static mixture added.
E11: - Notes added.
D12: Data and Kn | E12: - Fixed bug wrt computing tweb with core inhibited.
E13: - Hint added.
E14: - Solve buttons edited & arrow added.
D15: Pressure | E15: - k for static mixture now used for pressure & c* computation.
E16: - Solve buttons edited & arrow added.
D17: Performance | E17: - k for 2-phase flow inserted.
D18: Intro | E18: - URL added.
E19: - Text modified
D20: Output | E20: - New worksheet
D21: (all) | E21: - Various font & chart colours changed.
B22: 2014 | C22: Dec.2013 | E22: - Multiple changes to user interface and formating
E23: - Propellant choices enhanced.
E24: - Added Nozzle Design worksheet
B25: 2014.1 | C25: May 2020 | D25: Pressure | E25: - Fixed issue with calculation failure (#NUM) when selecting low chamber pressure (caused by negative mass storage rate)
B26: 2023 | C26: Mar. 2023 | D26: Intro | E26: - Updated for revisions
D27: Data and Kn | E27: - Added KNFR and KNPSB propellants
D28: Pressure | E28: - Updated graph titles
D29: Performance | E29: - Removed 2-phase value for "k" (replaced with "k" for mixture)
E30: - Updated graph titles
D31: Propellant data | E31: - Fixed minor error with fuel type selection of k and To.
D32: Burnrate | E32: - Added parameters for KNPSB and KNFR
D33: Class | E33: - Table expanded to "V-Class"
